,Oil: Brunei Darussalam,Oil: Indonesia,Oil: Malaysia,Oil: Philippines,Oil: Thailand,Oil: Myanmar,Oil: Cambodia,Oil: Vietnam,Oil: Japan,Oil: Hong Kong SAR (China),Oil: South Korea,Oil: Taiwan,Oil: China People's Republic,Oil: Bangladesh,Oil: India,"Oil: Maldives, Republic Of",Oil: Pakistan,Oil: Sri Lanka,Oil: Oman,Oil: Qatar,Oil: Saudi Arabia,Oil: United Arab Emirates,Oil: United States,Oil: Colombia,Oil: Ecuador,Oil: Australia,Oil: Fiji,Oil: New Caledonia,Oil: New Zealand,Oil: Papua New Guinea,Oil: French Polynesia,Oil: Guam,Oil: Solomon Islands,Commodity Sum: Macau SAR (China),Commodity Sum: South Korea,Commodity Sum: India,Commodity Sum: Australia,Commodity Sum: Estonia,Commodity Sum: Indonesia
Jan-88,0.06,,41.413,0.059,75.95,0.001,,,2.463,5.89,0.011,26.189,0.018,0.006,0.283,0,0.003,0.248,0,0,0,0.002,0.018,,,0.399,0,,0.006,0,0,0,0,,,32.892,23.412,,
Feb-88,0.06,,12.539,3.581,24.053,0.009,,,9.413,0.081,0.073,7.148,0.008,0.002,0.064,0.005,0,0.114,0,0,0,0,5.292,,,0.011,0,,0.003,0.003,0,5.299,0,,,50.649,32.67,,
Mar-88,0.454,,20.573,0.114,0.171,0,,,12.398,3.634,0.021,9.697,0.143,0.042,0.46,0,0,0.142,0,0,0.008,7.095,0,,,14.11,0,,0.001,0.006,0,0,0,,,53.794,32.897,,
Apr-88,0.061,,6.026,0.037,26.502,0.002,,,18.485,4.498,0.039,6.73,0.001,0.015,0.036,0.006,0.001,0.092,0,0,0,0.015,8.811,,,24.693,0.019,,0.014,0.003,0,0,0,,,59.492,36.325,,
May-88,0.526,,7.795,0.039,42.637,0,,,17.503,5.836,0.074,0.441,0.005,0.003,2.075,0,0,0.256,0,0,0,0.003,0.002,,,15.224,0,,0.006,0.028,0,0,0,,,52.723,36.075,,
Jun-88,0.049,,20.18,0.051,39.562,0.008,,,4.908,5.287,0.04,0.807,0,0.147,0.712,0.009,0.012,0.038,0,0,0.007,0.015,0.01,,,8.651,0,,0.001,0.01,0,0,0,,,71.436,46.861,,
Jul-88,0.091,,7.676,0.014,16.251,0.052,,,6.723,0.032,0.019,13.022,2.173,0.373,0.031,0,0,0.046,0,0,0,0,0.013,,,0.015,0,,0,0.005,0,0,0,,,57.68,59.288,,
Aug-88,0.474,,28.417,0.103,43.52,0,,,9.989,0.163,0.049,16.632,5.813,0.144,0.109,0,0,0.148,0,0,0,0.043,0,0,,19.002,0,,0,0.005,0,0,0,,,56.488,46.038,,
Sep-88,0.101,,7.369,0.098,62.903,0.001,,,0.249,1.151,0.049,9.326,6.897,0.079,1.445,0,0,0.092,0,0,0,0.028,0,0,,0.343,0.457,,0.001,0.014,0,0,0,,,70.829,52.601,,
Oct-88,0.599,,11.704,0.038,4.359,0,,,0.21,0.937,0.025,12.459,2.764,0.089,0.14,0.001,0.002,0.156,0,0,0.001,0,0,0,,8.254,0,,0.001,0.001,0,0,0,,,70.695,53.893,,
Nov-88,0.524,,14.139,0.037,3.646,0.001,,,24.532,2.551,6.199,9.028,0.022,0.312,0.641,0.001,0.058,0.204,0,0,0.004,0.015,0,0,,3.773,0,,0.001,0.01,0,0,0,,,73.566,52.298,,
Dec-88,0.702,,9.979,0.516,3.538,0.006,,,0.212,3.251,0.028,0.589,4.568,0.343,1.439,0.001,0.085,0.118,0,0,0,0.081,0,0,,15.956,0,,0.002,0.023,0,2.902,0,,,94.876,68.575,,
Jan-89,0.096,,0.972,0.003,1.924,0.034,,,5.631,0.001,0,0.414,0.333,0.319,2.121,0.001,0.015,0.087,0,0,0,0.013,0,0,,9.601,0.022,,0,0.015,0,0,0,,,68.237,42.814,,
Feb-89,0.468,,6.485,0,1.669,0,,,1.614,3.235,0.006,0.24,4.959,0.03,0,0,0,0.038,0,0,0,0.018,0,0,,13.44,0,,0.01,0,0,0,0,,,71.903,42.796,,
Mar-89,0.063,,0.826,0.048,0.137,0.053,,,6.288,0.056,0.007,0.381,5.541,0.048,0.06,0.003,0.189,0.226,0,0,0.085,0,0,0,,0.21,0,,0.021,0.004,0,0,0,,,104.302,54.482,,
Apr-89,0.037,,1.476,0.01,3.276,0,,,3.288,3.542,0.001,0.223,0.005,0.076,0.009,0,0,0.053,0,0,0,0.031,0,0,,0.048,0,,0.006,0.001,0,0,0,,,85.982,50.779,,
May-89,0.027,,1.485,2.406,4.399,0,,,0.218,3.385,0.01,0.159,0.027,0.046,0.888,0.002,0.08,0.355,0,0,0,0,0,0,,0.045,0.001,,0.002,0.003,0,0.001,0,,,86.971,61.315,,
Jun-89,0.101,,1.066,0.017,0.077,0.229,,,5.629,0.056,0,3.857,7.977,0.265,0.042,0,0.015,0.14,0,0,0,0,1.602,0,,0.06,0,,0.013,0,0,0,0,,,111.407,54.883,,
Jul-89,0.452,,0.957,0.045,0.282,0.002,,,0.015,3.616,0,11.649,0.004,0.196,0.535,0.053,0.019,0.016,0,0,0,0.044,0,0,,0.082,0,,0.037,0.016,0,0,0,,,64.322,49.994,,
Aug-89,0.07,,1.415,0.028,0.224,0.075,,,10.584,0.031,0,0.028,0.004,0.055,2.949,0.001,0.025,0.043,0,0,0.004,0.001,0,0,,0.026,0,,0.019,0.013,0,0,0,,,63.508,51.471,,
Sep-89,0.532,,1.485,0.005,0.641,0.001,,,0.008,0.029,0,0.105,0.001,0.168,1.434,0.001,0,0.059,0,0,0.01,0,0.394,0,,8.593,0,,0,0,0,0,0,,,83.222,47.997,,
Oct-89,0.03,,3.449,0.006,0.202,0,,,0.001,0.013,0.01,0.218,0.016,0.005,0.004,0.003,0.016,0.06,0,0,0,0,0,0,,0.073,0,,0.002,0.075,0,0,0,,,75.806,44.052,,
Nov-89,0.128,,1.918,0.023,0.276,0.002,,,3.821,8.933,0.003,0.249,0,0.446,2.496,0.003,0.005,0.102,0,0,0,0.048,0,0,,0.034,0,,0.006,0.003,0,0,0,,,82.501,48.171,,
Dec-89,0.063,,2.316,0.012,0.192,0.009,,,0.015,0.073,0.004,0.788,0,0.107,0.502,0,0.001,0.173,0,0,0,0.015,0,0,,0.057,0,,0.003,0.001,0,0,0,,,95.239,41.913,,
Jan-90,0.158,,1.499,0.01,0.446,0.002,,,0.045,0.026,0,0.163,0.03,0.06,0.736,0.003,0,0.056,0,0,0,0.025,0,0,,0.014,0.001,,0.021,0.001,0,0,0,,,90.319,43.013,,
Feb-90,0.047,,1.801,5.522,0.228,0.026,,,0,0.027,0.053,1.042,0.002,0.049,0,0,0.001,0.212,0.001,0,0,0.001,0,0,0,0.034,0,,0.004,0.013,0,0,0,,,77.515,38.05,,
Mar-90,0.939,,2.605,0.022,0.218,0.034,,,0.013,12.197,0.001,0.198,8.551,0.004,0.006,0.003,0.123,0.164,0,0,0,0,0.016,0,0,5.287,0,,0.001,0.001,0,0,0.001,,,118.273,50.162,,
Apr-90,0.017,,1.543,5.667,10.639,0.004,,,11.917,0.064,0.012,0.03,0.002,0.012,0.003,0.001,0,0.034,0,0,0,0.026,0,0,0,0.079,0,,0.004,0,0,0.015,0,,,80.546,36.339,,
May-90,0.553,,1.686,0.018,0.226,0.121,,,5.48,0.145,0.439,0.082,0.321,0.056,0.062,0,0.033,0.031,0,0,0,0.014,0,0,0,0.256,0,,0,0.007,0.007,0,0,,,98.197,50.19,,
Jun-90,0.066,,0.717,10.609,0.177,0.002,,,0.005,0.089,0,0.232,0.003,0.011,1.164,0.001,0,0.092,0.009,0.013,0,0.103,0.005,0,0,0.127,0,,0.003,0,0,0.006,0,,,94.612,46.08,,
Jul-90,0.441,,2.286,0.039,0.214,0.002,,,0.015,0.138,0.016,0.281,0,0.026,1.797,0,0,0.014,0,0,0,0.024,0,0,0,0.145,0,,0.002,0,0,0,0,,,91.86,45.963,,
Aug-90,0.482,,1.217,0.001,0.56,0.003,,,0.015,0.084,0.04,0.316,0,0,0.709,0.002,0.02,0.004,0,0.027,0,0,0,0,0,0.125,0,,0,0,0.008,0,0,,,82.787,47.799,,
Sep-90,0.49,,1.141,0.04,0.194,0.006,,,10.247,0.073,0,0.115,0,0.13,1.356,0,0.009,0.121,0,0,0,0.044,0.003,0,0,0.071,0,,0,0,0,0,0,,,71.543,49.787,,
Oct-90,0.625,,1.658,0.103,0.197,0.024,,,0.017,0.063,0.001,0.383,0.025,0.112,0.05,0.001,0.001,0.008,0,0.03,0.309,0.071,0,0,0,0.021,0,,0.004,0.008,0,0,0,0.124,,88.404,51.401,,
Nov-90,0.527,,2.982,0.002,0.535,0.014,,,0.019,0.126,0.014,0.195,0.002,0.002,2.08,0.01,0.008,0.055,0,0,0.183,0,0,0,0,0.036,0,,0.001,0,0,0,0,0.089,,67.924,45.142,,
Dec-90,0.098,,2.935,0,0.353,0.012,,,0.008,0.093,0.014,0.141,0.03,0.042,1.27,0,0.016,0.107,0,0,0,0.099,0,0,0,0.111,0,,0,0,0,0.006,0,0.342,,79.217,47.201,,
Jan-91,0.591,,3.386,0.111,0.2,0.054,,,0.021,0.141,0.699,0.39,0,0.054,0.267,0,15.169,0.076,0,0,0,0.027,0,0,0,0.083,0.001,,0,0,0.012,0,0,0.159,,88.459,48.83,,
Feb-91,0.047,,2.176,0.044,1.733,0.1,,,0.039,0.057,0.003,0.172,0,0.096,0.048,0,0.043,2.343,9.873,0,0.233,0.155,0,0,0,0.012,0,,0,0.001,0,0,0,0.087,,56.741,40.058,,
Mar-91,0.63,,3.779,0.252,0.482,0.005,,,0.162,0.059,0.053,0.171,0.004,0.017,2.228,0.003,0.026,0.028,0.02,0,0,0.012,0,0,0,0.77,0,,0,0,0.002,0,0,0.352,,52.843,46.848,,
Apr-91,0.061,,1.801,0.047,1.458,0.067,,,0.012,0.094,0.016,0.299,0,0.046,2.49,0,0,0.005,0.033,0,0,0.014,0.001,0,0,0.181,0.016,,0.011,0,0.003,0.003,0,0.87,,46.347,37.353,,
May-91,0.093,,2.443,0.896,0.201,0.02,,,0.023,0.097,0.004,13.226,0,0.073,0.024,0.004,0.012,0.023,0,0,0.671,0.358,0.008,0,0,0.008,0,,0,0,0,0,0,1.021,,48.152,55.517,,
Jun-91,0.741,,2.795,1.023,0.893,0.006,,,6.562,0.228,0.021,0.3,0.001,0.06,0.026,0.012,0.01,0.012,0,0,0,0,0,0,0,0.044,0,,0,0.001,0,0,0,1.262,,39.013,44.768,,
Jul-91,0.078,,2.943,1.334,6.3,0.045,,,0.008,0.105,0.021,0.151,0.003,0.017,0.031,0.005,0.009,0.041,0,0,0,0.023,0,0,0,0.118,0,,0.006,0.002,0,0,0,0.114,,41.075,54.116,,
Aug-91,0.077,,1.901,0.551,1.644,0.05,,,0.001,0.121,0.027,0.288,7.507,0.066,0.005,0.001,0.025,0.023,0.009,0,0.02,0.004,0,0,0,1.852,0,,0.003,0.003,0,0,0,0.198,,37.554,57.937,,
Sep-91,0.027,,2.605,0.953,0.678,0.018,,,0.5,0.302,0.026,0.28,0.008,0.006,3.073,0.002,0.008,0.006,0,0,0.503,0.038,0,0,0,0.029,0,,0,0,0,0,0,0.032,,40.956,67.868,,
Oct-91,0.128,,1.016,0.336,2.05,0.011,,,0.024,0.12,0.022,0.244,3.659,0.018,1.096,0.011,0.052,0.02,0,0,0,0.058,0,0,0,0.003,0,,0,0,0,0.004,0,0.468,,41.542,57.677,,
Nov-91,0.092,,1.11,0.785,0.731,0,,,0.007,0.139,0.038,0.182,0,0.035,0.065,0,0.012,0.011,0,0,0.003,0.134,0.001,0,0,0.102,0,,0,0,0,0,0,0.106,,36.613,71.555,,
Dec-91,0.11,,0.73,0.084,0.817,0.011,,,9.132,0.089,0.06,0.221,0.046,0.099,12.498,0.005,0.049,0.008,0,0,0,0.012,0,0,0,0.067,0,,0,0.001,0,0,0,0.304,,45.278,46.518,,
Jan-92,0.111,,0.799,0.102,0.522,0.037,,,0,0.115,0,0.144,0,0,0.009,0.004,0.014,0.007,0.032,0,0.391,0.053,0,0,0,0.047,0,,0.002,0,0,0.002,0,0.019,,53.478,54.7,,
Feb-92,0.038,,1.548,0.095,0.858,0,,,0.002,0.042,0.002,0.265,0.001,0.05,2.057,0.008,0,0,0.032,0,0,0.016,0,0,0,0.123,0,,0,0.001,0,0.001,0,0.022,,41.007,42.705,,
Mar-92,0.106,,8.821,0.032,2.07,0.036,,,0.017,0.107,0.012,0.274,0.008,0.046,1.637,0.001,0.025,0.037,0.031,0,0,0.001,0,0,0,0.071,0,,0,0,0,0,0,0.411,,48.893,52.442,,
Apr-92,0.108,,2.567,0.116,0.136,0.001,,,0.006,0.091,0.044,0.251,0.004,0.015,0.003,0.006,0.024,0.041,0,0,0,0.123,0.008,0,0,0.111,0,,0,0,0,0.119,0,0,,40.06,52.292,,
May-92,0.099,,1.448,0.087,0.173,0.003,,,6.049,0.094,0.001,0.119,0.008,0.024,0.031,0.002,0.012,0.123,0,0,0,0.056,0,0,0,0.092,0,,0,0,0,0,0,0.048,,36.967,50.206,,
Jun-92,0.546,,1.407,0.01,8.492,0.001,,,0.03,0.249,0.005,0.451,0.027,0.057,7.216,0.078,0.013,0.028,0,0,0,0.058,0.002,0,0,0.044,0.002,,0,0,0,0,0,0.709,,42.787,50.511,,
Jul-92,0.132,,1.659,0.05,0.972,0,,,0.035,0.128,0,0.401,0.011,0.013,0.057,0.002,0,0.024,0,0,0,0.076,0,0,0,0.134,0,,0.002,0.017,0,0,0,0.055,,40.011,60.899,,
Aug-92,0.077,,1.387,0.03,0.268,0.002,,,0.01,0.066,0.029,0.214,0.002,0,3.941,0.015,0.026,0.006,0,0,0,0.152,0,0,0,0.034,0,,0,0.001,0,0,0,0.282,,41.436,62.276,,
Sep-92,0.625,,1.377,0.024,0.134,0.003,,,0.014,0.157,0.009,0.205,0.006,0,1.302,0.007,0.012,0.061,0,0,0.388,0.001,0,0,0,0.087,0.008,,0.027,0.025,0.005,0,0,0.35,,49.883,56.229,,
Oct-92,0.034,,0.918,0.139,7.868,0.006,,,0.008,4.083,0,0.232,0,0,0.856,0.008,0.015,0.026,0,0,0,0.03,0,0,0,0.14,0.003,,0,0.001,0,0,0,0.514,,48.324,74.575,,
Nov-92,0.032,,2.005,0.003,0.141,0.028,,,0.007,0.144,0,0.276,0.021,0.011,0.137,0.001,0.015,0.008,0,0,0.287,0.001,0,0,0,0.169,0.004,,0.005,0,0,0.001,0.062,3.06,,45.943,61.69,,
Dec-92,0.672,,1.9,0.02,0.222,0.07,,,0.03,0.202,0.003,0.327,0,0.044,3.051,0.003,0.041,0.021,0,0,0,0.061,0.002,0,0,0.069,0.004,,0.015,0.004,0,0,0,3.036,,65.921,52.061,,
Jan-93,0.067,,2.133,0.001,0.152,0.057,0,0.009,0,0.092,0.005,0.138,0.002,0.015,0.989,0,0.066,0.028,0,0,0,0.002,0,0,0,0.049,0,,0.019,0.013,0,0,0,0.523,,53.081,44.385,,
Feb-93,0.087,,1.832,0.076,0.099,0.092,0,0.029,0.02,0.134,0,0.193,0.024,0,0.929,0.004,0.003,0.012,0,0,0,0.005,0,0,0,0.015,0,,0.011,0.017,0.003,0,0.085,0.172,,44.944,65.741,,
Mar-93,0.033,,2.396,0.043,0.225,0.036,0,0.03,0.003,0.131,0.001,0.266,0.003,0.073,0.887,0.001,0.002,0.098,0,0,0,0.007,0,0,0,0.056,0,,0.002,0,0,0,0,0.595,,49.587,67.662,,
Apr-93,0.67,,2.51,0,0.697,0.001,0,0.006,0.015,0.061,0.008,0.335,0.007,0.002,0.066,0.006,0.013,0.104,0,0,0,0,0,0,0,0.044,0,,0.011,0,0,0.001,0,1.464,,63.914,67.401,,
May-93,0.03,,2.357,0.029,0.078,0.029,0.011,0.083,0.01,0.111,0.018,0.134,0.001,0.004,1.035,0,0,0.169,0,0,0,0.003,0,0,0,0.115,0.001,,0.036,0,0,0,0,0.64,,48.179,61.617,,
Jun-93,0.014,,1.607,0.032,1.044,0.001,0.006,0,0.007,0.098,0.021,0.19,0.001,0.001,0.051,0.002,0.032,0.019,0,0,0,0.009,0,0,0,0.043,0,,0.034,0.015,0,0,0,0.859,,56.318,67.435,,
Jul-93,0.193,,1.299,0.123,0.213,0.026,0,0.016,0.004,0.233,0.015,0.597,0.003,0.019,0.055,0.002,0.033,0.027,0,0,0,0.016,0,0,0,0.064,0.016,,0.023,0.008,0,0,0,0.151,,70.831,85.633,,
Aug-93,0.02,,1.457,0.09,0.527,0.001,0.002,0.21,0.017,0.163,0.023,0.248,0.006,0.005,0.049,0.005,0.027,0.043,0,0,0.001,0.001,0,0,0,0.093,0,,0.012,0.004,0,0.007,0,0.453,,63.871,73.459,,
Sep-93,0.011,,2.343,0.172,0.398,0.03,0,0.072,0.033,0.254,0.028,0.145,0.034,0.004,0.043,0,0.004,0.093,0,0,0,0.012,0,0,0,0.218,0,,0.007,0,0,0,0,0.165,,69.169,70.861,,
Oct-93,0.03,,2.431,0.093,0.713,0.041,0,0.002,0.028,0.172,0.007,0.174,0.004,0.015,1.859,0,0.036,0.004,0,0,0,0.003,0,0,0.12,0.084,0,,0.007,0.001,0,0,0,0.397,,59.778,76.869,,
Nov-93,0.72,,1.923,0.004,0.623,0.026,0,0.187,0.041,0.27,0.016,1.617,0.06,0.027,0.031,0.01,0,0.052,0,0,0,1.421,0,0,0,0.069,0.017,,0.02,0.04,0,0,0,0.429,,55.002,79.834,,
Dec-93,0.011,,3.21,0.017,0.189,0.005,0,0.052,0.015,0.216,0.025,0.247,0.004,0.042,0.063,0.004,0,0.034,0,0,0,0.002,0.001,0,0.078,0.487,0,,0.014,0.003,0,0,0,0.783,,58.288,84.286,,
Jan-94,0.025,,2.472,0.001,0.732,0.001,0,0.191,0.012,0.088,0.018,0.13,0.055,0.004,0.02,0.001,0.003,0.043,0,0,0,0.033,0,0,0,0.016,0.015,,0.031,0.001,0,0,0,0.744,,57.536,74.268,,
Feb-94,0.004,,0.77,0.004,5.501,0.048,0,0.11,0.008,1.659,0.051,0.248,0.032,0.01,0.037,0.035,0.009,0.049,0,0,0,0.003,0.246,0,0,0.021,0,,0.005,0,0,0,0,0.398,,45.421,63.554,,
Mar-94,0.024,,2.441,0.045,0.714,0.062,0,0.03,0.025,0.089,0,0.209,0.005,0.015,0.008,0,0,0.027,0.001,0,0,0.018,0.782,0,0,0.04,0.015,,0.022,0.021,0,0,0,1.156,,72.522,89.061,,
Apr-94,0.034,,1.758,0.111,0.276,0.002,0.002,0.112,0.039,0.309,0.001,0.433,0.041,0.009,0.085,0.001,0.029,0.081,0,0,0,0.02,0,0,0,0.137,0,,0.02,0.016,0,0,0,0.644,,68.681,90.074,,
May-94,0.034,,1.88,0.051,0.555,0,0,0.08,2.309,0.215,0,0.239,0.009,0.001,2.275,0.013,0.017,0.031,0,0,0,0.003,0.281,0,0,0.011,0,,0.053,0,0,0,0.001,0.736,,68.785,94.891,,
Jun-94,0.419,,2.237,0.054,0.127,0,0,0.032,0.04,0.274,0.045,3.169,0.009,0.006,2.701,0.006,0.014,0.038,0,0,0,0,0.286,0,0,0.022,0,,0.012,0.002,0,0,0,0.214,,67.051,121.597,,
Jul-94,0.187,,2.056,0.063,0.259,0.055,0.031,0.246,0.129,0.148,0.036,0.166,0.013,0.033,0.023,0.022,0.011,0.032,0,0,0,0.023,0,0,0,0.176,0.029,,0.035,0,0,0,0,0.501,,80.054,104.259,,
Aug-94,0.081,,2.227,0.1,0.239,0.101,0.022,0.022,6.816,0.087,0.004,0.179,1.934,0.007,0.043,0.002,0.011,0.029,0,0,0,0.009,0.001,0,0,0.125,0,,0.016,0.006,0,0,0,0.565,,92.431,121.858,,
Sep-94,0.039,,2.153,0.03,0.267,0.086,0.003,0.071,0.063,0.088,0.001,0.177,0.008,0,0.201,0.007,0.047,0.061,0,0,0,0.013,0,0,0,0.785,0,,0.013,0.001,0,0,0,0.383,,93.208,98.871,,
Oct-94,0.089,,1.813,0.095,0.722,0,0,0.03,0.087,0.122,0.027,0.111,0.011,0.003,0.421,0.008,0.026,0.036,0,0,0,0.014,0.003,0,0,0.105,0.027,,0.002,0,0,0,0,0.289,,113.188,119.175,,
Nov-94,0.061,,2.005,0.043,0.591,0.021,0,0.031,0.081,0.057,15.984,0.207,0.025,0.014,0.066,0.011,0.014,0.018,0,0,0.004,0.024,0,0,0,0.023,0,,0.009,0.001,0,0,0.002,0.316,,74.831,102.183,,
Dec-94,0.03,,1.557,0.08,0.494,0.015,0,0.058,0.178,0.07,0,0.082,0.87,0.011,0.377,0.001,0,0.003,0,0,0,0.01,0,0,0,0.011,0,,0.006,0.017,0,0,0,0.837,,87.766,89.772,,
Jan-95,0.13,,1.534,0.032,0.305,0.001,0,0.038,4.237,0.082,0.086,0.405,0.004,0.005,0.337,0.007,0.006,0.046,0,0,0,0.011,0.006,0,0,0.072,0,0,0.014,0.021,0.001,0,0,0.629,,88.672,94.262,,
Feb-95,0.586,,1.808,0.174,0.191,0.021,0.007,0.092,8.812,0.115,0.03,0.232,0.148,0.008,0.755,0.003,0,0.087,0,0,0,0.013,0,0,0,0.025,0,0,0.011,0.001,0,0,0,0.215,,74.905,89.592,,
Mar-95,0.047,,5.03,0.162,1.085,0.008,0,0.18,0.147,0.204,0.01,0.183,0.031,0.006,0.452,0.004,0,0.041,0,0,0,0.001,0,0,0,0.521,0,0,0.019,0.011,0.026,0,0,0.852,,106.568,91.364,,
Apr-95,0.049,,1.646,0.079,1.038,0.054,0,0.018,0.178,0.178,0.003,0.403,0.055,0,0.147,0.001,0.015,0.097,0,0,0,0.025,0,0,0,0.018,0,0,0.012,0.002,0,0,0.002,0.625,,85.816,98.746,,
May-95,0.029,,2.168,0.088,0.397,0.012,0,0.155,0.08,0.13,0.006,0.134,0.106,0,0.039,0.007,0.015,0.008,0,0,0,0,0,0,0,0.04,0,0,0.014,0.001,0,0.261,0,0.257,,107.637,120.62,,
Jun-95,0.101,,1.606,0.329,0.727,0.003,0.002,0.033,4.876,0.161,0.002,0.259,0.183,0,0.276,0.007,0.01,0.044,0,0,0,0.024,0.005,0,0,0.019,0,0,0.018,0,0,0,0,1.564,,121.192,125.35,,
Jul-95,0.102,,5.859,0.118,0.953,0.227,0.003,0.052,0.084,0.3,0.597,0.204,9.064,0,0.602,0.014,0.033,0.013,0,0,0,0.008,0,0,0,0.42,0,0,0.039,0.02,0,0,0,0.186,,130.223,118.211,,
Aug-95,0.084,,1.62,0.095,1.131,0.013,0,0.066,0.037,5.555,5.233,0.328,7.286,0.005,0.222,0.001,0.01,0.043,0,0,0,0.027,6.975,0,0,2.783,0,0,0.031,0.034,0,0,0,2.146,,125.724,116.054,,
Sep-95,0.069,,1.354,0.152,0.469,0.022,0,0.449,0.005,0.141,0.002,8.687,0.01,0,0.515,0.004,0.008,0.039,0,0,0,0.015,0,0,0,0.081,0,0,0.026,0,0,0,0.001,1.804,,117.345,114.025,,
Oct-95,0.101,,1.382,0.126,1.037,0.077,0.005,0.157,0.095,0.067,0.164,8.134,1.214,0,0.119,0.009,0.029,0.043,0,0,0,0.016,0,0,0,0.098,0,0,0.006,0.001,0,0.252,0,1.804,,138.475,102.986,,
Nov-95,0.087,,1.55,0.05,0.89,0.001,0.002,0.102,0.005,0.138,0,0.501,0.579,0.018,0.55,0.001,0,0.059,0,0,0,0,0,0,0,0.011,0,0,0.047,0.004,0,0,0,0.78,,135.636,138.36,,
Dec-95,0.03,,1.262,0.048,7.148,0.036,0,0.025,0.071,0.187,0,0.63,0.044,0.003,0.225,0.001,0.004,0.013,0,0,0,0.013,0,0,0,0.042,0,0,0.027,0,0,0,0,3.868,,118.193,113.178,,
Jan-96,0.042,,1.467,0.196,2.857,1.388,0,0.11,0.001,15.295,0.089,0.495,0.105,0.1,0.489,0.008,0.008,0.043,0,0,0,0,0.002,0,0,0.089,0,0,0.026,0,0,0,0,5.03,,131.82,120.407,,
Feb-96,0.033,,0.863,0.06,1.4,0.015,0.387,4.02,0.001,0.13,0.003,0.309,0.007,0.114,0.385,0.001,0.003,0.127,0,0,0,0.012,0,0,0,0.124,0,0,0.006,0,0,0,0,0.669,,101.645,123.43,,
Mar-96,0.054,,2.786,0.234,4.859,0.096,0.32,0.064,5.231,0.179,0.007,0.285,0.026,0,0.257,0.009,0.008,0.077,0.001,0,0,0.014,0,0,0,0.045,0,0,0.042,0,0,0.217,0.001,6.185,,146.209,134.338,,
Apr-96,0.064,,1.408,0.145,11.327,0.012,0.101,0.249,0.074,0.125,0.001,0.342,0.066,0,0.164,0.007,0.025,0.055,0,0,0,0.019,0,0,0,0.045,0,0,0.011,0.002,0,0,0,7.967,,142.937,113.332,,
May-96,0.035,,1.606,0.318,3.375,0,0.015,0.173,5.807,0.165,0.004,0.222,0.165,0.013,0.055,0.011,0.019,0.029,0,0,0,0,0.153,0,0,0.039,0,0,0.025,0.001,0,0,0.001,3.24,,112.753,131.679,,
Jun-96,0.06,,3.16,0.284,10.807,0.008,0.007,3.278,0.119,0.091,0.003,0.125,1.694,0.003,8.523,0,0.002,0.106,0,0,0,0.015,0,0,0,0.673,0,0,0.028,0,0,0,0,5.104,,115.954,130.261,,
Jul-96,0.095,,1.378,0.259,2.481,0.119,2.13,0.198,0.071,0.229,0.001,0.588,0.139,0.863,0.726,0.65,0.009,0.074,0,0,0,0.006,0.001,0,0,0.156,0,0,0.054,0.716,0,1.948,0,9.4,,137.092,147.781,,
Aug-96,0.067,,2.723,0.065,8.555,0.008,0.001,0.081,0.001,0.134,0.043,0.513,0.578,0.004,0.475,0.005,0,0.136,0,0,0,0,0.139,0,0,0.312,0,0,0.044,0,0,0,0,14.472,,118.659,151.703,,
Sep-96,0.095,,1.307,0.183,2.788,0.088,0,0.094,10.282,2.616,0.01,0.494,0.015,0.051,0.345,0.005,0.013,0.172,0,0,0,0,0,0,0,0.368,0,0,0.071,0.001,0,1.046,0,10.537,,124.282,119.381,,
Oct-96,0.066,,7.602,0.186,4.22,0.06,0,0.114,0.103,1.564,0.036,0.286,0.874,0.01,0.372,0.006,0.033,0.103,0.001,0,0,0,0,0,0,0.133,0.001,0,0.021,0,0,0,0,7.221,,117.899,137.677,,
Nov-96,0.283,,2.353,0.317,2.937,0.001,0.001,0.107,0.053,0.102,0.009,0.618,0.021,0.015,0.122,0.003,0.018,0.062,0,0,0,0.001,0,0,0,0.299,0,0,0.019,0.001,0,0.264,0,13.105,,115.516,127.598,,
Dec-96,0.114,,1.832,0.301,0.71,0.04,0,0.06,0.058,0.159,0.043,0.244,0.74,0.001,0.68,0.002,0.001,0.06,0,0,0,0.04,0.006,0,0,0.045,0,0,0.043,0.004,0,0,0,10.181,,130.471,127.891,,
Jan-97,0.06,,1.43,0.176,11.119,0.239,0,0.184,0.096,0.07,0.025,0.245,0.053,0.001,2.225,0.007,0.005,0.092,0.005,0,0,0.002,0.103,0,0,0.252,0,0,0.027,0,0,0,0,20.255,,133.327,100.606,,
Feb-97,0.079,,0.963,0.185,0.218,0.032,0.006,0.036,0.055,4.675,0,4.755,12.539,0.014,0.557,0.001,0,0.04,0,0,0,0,0.114,0,0,0.197,0,0,0.046,0,0,3.574,0,12.477,,101.153,143.569,,
Mar-97,0.043,,2.525,0.278,0.634,0.12,0.098,0.022,0.048,5.856,0.023,5.238,0.052,0.07,0.584,0,0,0.039,0,0,0,0.002,0.126,0,0,0.165,0,0,0.015,0,0,0,0.001,14.566,,135.491,140.779,,
Apr-97,0.781,,1.645,0.228,6.325,0.041,0.001,0.095,0.025,11.175,0.022,1.4,4.49,0.001,0.118,0.026,0,0.035,0,0,0,0,0.001,0,0,0.192,0,0,0.002,0,0,0,0,8.183,,157.804,163.625,,
May-97,0.088,,1.296,0.266,1.966,0.007,0,0.065,0.007,51.902,1.606,0.169,8.971,0,0.164,0.006,0,0.051,5.903,0,0,0,0,0,0,6.126,0,0,0.029,0.003,0,0,0,0.587,,149.014,146.577,,
Jun-97,0.101,,1.435,0.123,0.797,0.061,0.005,0.204,0.018,0.11,0.015,0.193,5.999,0,0.068,0.002,0.003,0.051,0,0,0,0.001,0.239,0,0,0.112,0,0,0.083,0,0,0.004,0,1.139,,130.688,170.533,,
Jul-97,0.08,,1.802,6.96,5.202,0.172,0.026,0.158,0.034,0.154,0.026,0.23,3.901,0.007,0.181,0.015,0,0.023,0,0,0,0,0.116,0,0,0.177,0,0,0.045,0.006,0,1.52,0.001,3.388,,150.015,153.158,,
Aug-97,0.054,,1.254,0.298,1.839,0.193,0,0.101,16.248,0.042,0.016,7.868,0.064,0,0.334,0.011,0,0.088,0,0,0,0.003,0.132,0,0,0.283,0,0,0.016,0.041,0,0,0,1.682,,140.385,158.875,,
Sep-97,0.072,,1.607,0.226,9.905,0.679,0.001,0.198,0.043,0.134,0,0.127,0.209,0.123,0.458,0.015,0.009,0.036,0,0,0,0,10.963,0,0,0.105,0,0,0.07,0.001,0,0,0.001,1.786,,151.303,148.458,,
Oct-97,0.111,,1.504,0.179,10.605,0.223,0.003,0.151,0.015,1.57,0.076,0.729,7.822,0.02,0.186,0.017,0.013,0.074,0,0,0,0,0.15,0,0,0.104,0,0,0.02,0.001,0,0,0,2.861,,156.549,175.458,,
Nov-97,0.052,,1.726,3.476,1.566,0.103,0.004,0.319,0.068,0.104,0,0.229,0.128,0.013,2.487,0.002,0.01,0.079,0.007,0,0,5.62,0,0,0,0.452,0,0,0.063,0,0,0,0,1.678,,140.092,155.485,,
Dec-97,0.058,,2.423,0.16,2.471,0.054,0.004,3.178,0.007,0.351,5.942,0.218,0.179,0,1.598,0.009,0.051,0.034,0,0,0.001,0.04,0.26,0,0,0.045,0.01,0,0.01,0.007,0,0,0,2.043,,162.373,157.367,,
Jan-98,0.168,,1.865,0.191,0.12,0.021,0.108,2.06,0.041,6.198,0.008,0.214,0.117,0,0.121,0.01,0.002,0.211,0.001,0.044,0,0,0,0,0,0.253,0,0,0.024,0.002,0,0,0,2.1,,161.305,137.829,,
Feb-98,0.508,,3.719,0.182,1.519,0.085,0.045,1.461,0.053,0.246,11.356,0.417,0.95,0.166,1.442,0.003,0.027,0.021,0.006,0,0,0.005,0,0,0,0.265,0,0,0.029,0,0,0,0,1.256,,133.167,151.127,,
Mar-98,0.084,,1.339,0.866,2.692,2.046,0.008,0.248,0.001,0.337,0.034,0.133,0.213,7.499,0.062,0.027,0.023,0.092,0,0,0,0.016,0,0,0,0.243,0.002,5.365,0.005,0.001,0,0,0,2.308,,167.688,185.791,,
Apr-98,0.016,,1.171,0.199,1.711,3.14,0.004,0.18,0.035,0.148,0.017,0.244,0.227,0,0.198,0.001,0.124,0.114,0,0,0,0,0.37,0,0,0.39,0,0,0.013,0.005,0,0,0.002,1.43,,136.097,164.903,,
May-98,0.067,,2.645,0.083,1.455,0.209,0,0.105,0.018,0.144,0.005,0.129,0.253,0.017,0.122,0.01,0.128,0.065,0,0.062,0,0.008,0.002,0,0,0.137,0,0,0.012,0,0,0,0,1.133,,141.702,139.691,,
Jun-98,0.044,,1.914,0.167,1.334,0.093,0.02,0.182,0.046,0.804,0.027,0.228,0.133,0,0.164,0.005,0.099,0.047,0,0,0,0.007,0.308,0,0,6.502,0,0,0.108,0,0,0,0,1.304,,161.147,162.146,,
Jul-98,0.068,,1.822,0.19,1.225,0.031,0.02,0.126,0.034,0.189,0.016,0.273,0.153,0,0.226,0.016,0,0.094,0.006,0,0.021,0,0,0,0,0.228,0,0,0.007,0.003,0,0,0,2.867,,165.472,139.035,,
Aug-98,0.091,,2.128,0.197,1.362,0.072,0,0.121,0.004,0.201,0.014,0.228,0.129,0,0.417,0.026,0,0.023,0,0.004,0.008,0.001,0.153,0,0,0.282,0,0.001,0.01,0.009,0,1.825,0,1.445,,161.533,163.166,,
Sep-98,0.104,,2.655,0.05,0.61,0.213,0.003,0.198,0.02,0.428,0.03,0.141,4.598,0,0.025,0.028,0.057,0.038,0,0,0,0.002,0,0,0,4.091,0,0,0.013,0.001,0,0,0,1.36,,175.151,174.798,,
Oct-98,0.042,,2.356,0.14,8.685,0.186,0,0.154,0.011,19.302,0.185,0.114,0.179,0.002,8.113,0.004,0.008,0.074,0,0,0.022,0.002,0,0,0,0.273,0,0,0.043,0,0,0,0,2.729,,166.957,148.861,,
Nov-98,0.067,,1.856,0.191,0.174,0.305,0.002,0.385,0.069,0.076,0,0.076,0.148,0.003,0.111,0.002,0.001,0.041,0,0,0,0,0,0,0,0.112,0,0.015,0.005,0.003,0,0,0,1.191,,144.564,140.814,,
Dec-98,0.039,,2.268,0.063,0.719,0.285,0.244,0.137,7.112,0.052,0.027,0.292,0.344,0,0.206,0.006,0.072,0.038,0,0,0,0,0.043,0,0,0.058,0,0,0.04,0.002,0,0,0,5.504,,186.788,139.944,,
Jan-99,0.065,,1.765,0.214,2.358,0.214,0.004,0.125,0.012,0.164,0.22,0.32,0.296,0,0.133,0.006,0.006,0.172,0.002,0,0.032,0.023,0,0,0,0.28,0,0,0.006,0.011,0,0,0,5.449,,142.054,111.048,,
Feb-99,0.042,,1.807,0.123,0.345,0.252,0,0.043,0.021,0.663,0.103,0.173,0.026,0.006,0.229,0.002,0,0.03,0,0,0,0.007,0,0,0,0.084,0,0,0.027,0.002,0,0,0,1.99,,153.241,119.595,,
Mar-99,0.009,,4.861,0.132,2.075,0.505,0.006,0.15,0.028,0.202,0.039,0.231,0.12,0.127,0.095,0.011,0.04,0.048,0,0,0.001,0.039,0,0,0,0.189,0,0,0.015,0.017,0,0.204,0,3.703,,179.653,140.238,,
Apr-99,0.081,,4.397,0.278,0.776,0.348,0,0.08,0.037,0.152,0.022,0.273,0.148,0.006,0.156,0.064,0.003,0.01,0.013,0,0.007,0.011,0,0,0,3.784,0,0,0.039,0.006,0,0,0,6.761,,158.606,161.357,,
May-99,0.002,,6.109,0.204,2.44,0.444,0,0.069,0.027,1.885,0.021,0.169,0.659,0,27.875,0.006,0.001,0.015,0.01,0,0.004,0.007,0,0,0,0.117,0,0,0.025,0.005,0.004,0,0,1.99,,155.365,146.852,,
Jun-99,0.005,,1.478,0.933,1.18,0.008,0.003,0.294,0.054,0.055,0.003,0.26,0.181,0.01,0.405,0.003,0,0.031,0,0.01,0,0.047,0,0,0,0.125,0,0,0.035,0.003,0,0,0,5.556,,155.713,139.823,,
Jul-99,0.01,,1.411,0.198,0.623,0.088,0.012,0.202,0.008,0.104,0.014,0.185,0.114,0.004,10.668,0.012,0.005,0.073,0.008,0.002,0,0.04,0.002,0,0,0.08,0,0,0.01,0,0,0,0,5.891,,151.091,139.971,,
Aug-99,0.005,,0.979,0.168,2.55,0.184,0,0.058,0.11,7.309,0.018,0.171,0.105,0.164,10.713,0.009,0.012,0.045,0.005,0.003,0,0.023,0,0,0,0.213,0,0,0.01,0,0,0.25,0,4.82,,155.587,169.689,,
Sep-99,0.013,,1.386,0.13,0.494,0.001,0.004,3.177,0.031,21.906,0.035,0.178,0.053,0.008,7.043,0.005,0.012,0.074,0,0,0.049,0.024,0,0,0,0.176,0,0,0.054,0.012,0,0,0,8.66,,159.255,149.067,,
Oct-99,0.097,,2.715,0.305,2.348,0.01,6.564,0.172,0.218,0.208,0.013,0.248,0.043,0.041,0.171,0.022,0.007,0.075,0.002,0,0,0.014,11.51,0,0,0.184,0,0,0.012,0.054,0,0,0,7.258,,188.019,134.687,,
Nov-99,0.029,,1.221,0.613,1.431,1.15,0,0.807,0.038,0.596,0.059,0.296,0.178,0.001,0.078,0.006,0.03,0.023,0,0,0,0.025,0,0,0,0.174,0,0,0.057,0.006,0,0,0,8.599,,146.932,151.362,,
Dec-99,0.034,,1.257,0.096,0.466,0.673,0,0.147,0.09,0.532,0.02,0.172,0.315,0.087,0.351,0.011,0.019,0.032,0,0,0.009,0.011,0,0,0,0.144,0,0,0.012,0,0,0,0,5.747,,182.407,139.507,,
Jan-00,0.11,,1.09,0.231,0.46,0.074,0.003,1.812,0.062,0.089,0.018,0.552,0.314,0.128,0.246,0.012,0.112,0.004,0,0,0.007,0,0,0,0,0.276,0.003,0,0.015,0.002,0,0,0,7.171,,147.955,113.155,,
Feb-00,0.011,,6.045,0.062,1.706,0.888,0,0.246,0.043,0.125,0.032,0.175,0.052,0.044,14.064,0.012,0.016,0.024,0,0,0,0.014,0,0,0,0.177,0,0,0.016,0.041,0,0,0,5.523,,188.331,123.282,,
Mar-00,0.019,,1.432,0.378,3.295,0.756,0.029,0.768,0.221,0.364,0.026,0.288,0.383,8.436,0.283,0.006,0.014,0.044,0,0,0.036,0.043,9.832,0,0,0.086,0.005,0,0.015,0.001,0,0,0,7.861,,208.526,129.111,,
Apr-00,0.009,,1.176,0.951,0.125,0.287,0,0.073,0.086,15.841,0.011,0.142,0.426,0.025,0.064,0.052,0.016,0.048,0.018,0,0,0.047,0,0,0,0.058,0,0,0.006,0.018,0,0.307,0.001,7.483,,171.043,115.063,,
May-00,0.554,,1.461,0.074,0.142,0.181,0,0.106,0.046,4.156,0.046,14.983,0.154,0.027,0.136,0.015,0.018,0.025,0.015,0,0,0.062,0,0,0,0.078,0,0,0.023,0.006,0,0,0,4.036,,186.161,133.23,,
Jun-00,0.041,,1.213,0.94,1.033,0.472,0.004,0.105,0.054,0.132,0.33,0.236,1.82,0,0.108,0.006,0.011,0.072,0.003,0,0.005,0.021,0,0,0,0.181,0,0,0.006,0,0,0,0,3.983,,205.949,141.556,,
Jul-00,0.028,,1.386,0.157,0.389,1.035,0,0.096,0.109,0.15,0.088,0.203,0.104,0.01,0.084,0.023,0.015,0.03,0.003,0,0.013,0.089,0,0,0,0.093,0,0,0.012,0,0,0,0,2.261,,211.119,135.957,,
Aug-00,0.021,,1.455,0.236,0.154,0.584,0,0.1,0.103,0.129,0.022,0.09,0.301,0.168,23.223,0.004,0.022,0.039,0.007,0,0,0.074,0.054,0,0,0.119,0,0,0.011,0,0,0,0,5.522,,213.302,150.66,,
Sep-00,0.002,,1.614,0.144,0.267,0.174,0.001,0.884,0.239,0.143,0.038,0.093,5.473,0.027,0.058,0.021,0.035,0.014,0,0,0.004,0.071,0,0,0,0.176,0,0,0.003,0.048,0,0,0,2.895,,208.225,123.662,,
Oct-00,0.03,,8.748,0.291,0.16,0.43,0,10.541,0.13,0.105,0.052,0.241,0.302,0.024,0.095,0.002,0.039,0.005,0.004,0,0.049,0.022,0.02,0,0,0.298,0,2.633,0.014,0,0,0,0,4.969,,215.152,115.349,,
Nov-00,0.007,,1.614,0.273,0.262,0.677,0.002,0.15,0.054,0.064,0.089,0.183,0.482,0.157,0.078,0.001,0.013,0.044,0.022,0,0.004,0.057,0,0,0,0.187,0,0,0.032,0,0,0,0,2.946,,208.267,126.578,,
Dec-00,0.009,,1.064,0.136,1.137,0.359,0.013,2.717,0.131,0.172,0.237,0.162,0.607,0.141,0.159,0.01,0.033,0.051,0.002,0,0,0.036,0,0,0,0.139,0,0,0.011,0.003,0,0,0,4.04,,206.494,123.041,,
Jan-01,0.016,,1.601,0.788,0.202,0.79,0,0.082,0.108,0.089,0.004,0.171,0.219,0.053,0.009,0.001,0.03,0.033,0.001,0,0,0.05,0,0,0,0.148,0,0,0.021,0.029,0,0,0.001,2.241,,188.186,98.699,,
Feb-01,0.022,,1.54,0.075,0.206,0.201,0,0.075,0.045,0.139,0.066,0.337,0.34,0,0.237,0.021,0.13,0.049,0,0,0.014,0.054,0,0,0,0.121,0,0,0.026,0,0,0,0,3.068,,195.47,107.543,,
Mar-01,0.025,,1.655,0.229,0.263,0.725,0.01,0.271,0.094,0.107,0.132,0.272,0.4,0.249,0.184,0.02,0.009,0.014,0.019,0.004,0.027,0.066,0,0,0,0.139,0.022,0,0.01,0.012,0,0,0.001,5.164,,240.837,112.487,,
Apr-01,0.018,,1.684,0.098,0.153,0.831,0.004,0.5,0.07,2.462,0.076,0.345,0.437,0.049,9.802,0.01,0.021,0.02,0,0,0.088,0.056,0,0,0,0.099,0,0,0.005,0.007,0,0.001,0.001,2.412,,204.362,119.623,,
May-01,0.038,,20.04,0.138,0.849,0.687,1.213,8.652,0.175,28.818,0.108,0.498,0.242,0,1.157,0.306,0.009,0.036,0.01,0,0.014,0.074,0.005,0,0,0.132,0,0,0.025,0,0,0,0,3.738,,206.354,145.907,,
Jun-01,0.974,,36.295,0.094,0.297,0.291,0.987,12.045,1.219,9.739,2.706,0.127,0.263,0.153,0.198,1.161,0.01,0.11,0,0,0.011,2.788,0,0,0,0.173,0,0,0.009,0.019,0,0,0,2.764,,222.923,133.614,,
Jul-01,0.048,,2.1,0.073,0.903,0.326,0.01,0.255,0.047,19.252,0.103,0.23,0.282,12.305,3.824,0.007,0.055,0.077,0.014,0,0.042,0.081,0.005,0,0,0.131,0,0,0.012,0.014,0,0,0.007,1.385,,213.913,142.622,,
Aug-01,0.018,,5.878,0.279,3.013,7.375,0.029,12.185,0.636,39.146,13.731,0.252,8.756,0,0.762,1.85,0.117,0.026,0.027,0.004,0.027,0.112,0,0,0,0.188,0,0,0.02,0.006,0,0,0,2.894,,219.113,133.4,,
Sep-01,0.018,,15.581,1.888,0.433,0.31,0.008,23.038,0.067,0.073,0.046,0.082,25.271,0.006,1.854,0.001,0.051,0.095,0.017,0.006,0.047,0.118,0,0,0,0.139,0.058,0,0.023,0.002,0,0,0.006,0.846,,185.703,120.313,,
Oct-01,0.03,,5.747,0.142,0.5,0.621,2.663,44.099,0.601,7.933,0.071,0.216,11.754,5.623,1.175,0.856,0.121,0.04,0.004,0,0.054,4.163,0.002,0,0,0.055,0.014,0,0.041,0.043,0,0,0,1.644,,215.395,154.571,,
Nov-01,0.013,,21.976,0.221,1.509,0.052,1.752,31.179,0.28,55.482,5.569,0.392,3.868,0.041,0.213,0.017,0,0.039,0.003,0,0.013,0.037,0,0,0,2.894,0,0.397,0.022,0.452,0,0,0,1.427,,174.797,137.413,,
Dec-01,0.025,,3.994,0.123,0.37,0.556,3.475,18.66,0.27,99.082,0.059,0.166,0.159,0.137,0.231,0.002,0.145,0.042,0.002,0,0,8.703,0,0,0,0.21,0,0,0.035,0.052,0,0,0,2.398,,182.142,122.119,,
Jan-02,0.036,,9.13,0.074,0.399,1.985,5.079,36.458,11.955,76.246,0.012,0.074,0.201,0.136,0.09,0.5,0.056,3.915,0.002,0,0.032,0.044,0,0,0,2.235,0.459,0,0.059,0.061,0,0,0.002,1.059,,191.202,148.091,,
Feb-02,0.008,,5.695,0.198,1.391,2.417,2.795,22.687,4.559,93.751,10.98,10.016,7.248,19.787,11.611,0,0.075,0.123,0.001,0.002,0,0,0,0,0,22.499,0,0,0.004,0,0,0,0.001,1.244,,162.407,115.297,,
Mar-02,0.094,,5.14,4.847,0.539,2.407,2.407,15.017,0.138,48.227,0.015,9.658,9.047,38.829,0.052,2.042,0.093,0.178,0.001,0.001,0.004,4.001,0.002,0,0,0.108,0,0,0.037,0,0,0,0,2.004,,186.681,132.37,,
Apr-02,0.129,,29.248,0.186,1.227,5.201,3.862,53.825,12.105,38.248,1.119,11.532,23.795,9.512,1.321,0.958,0.089,2.94,0.016,0,0.014,0.04,15.712,0,0,0.135,1.64,0,7.658,0.004,0,0,0.001,1.224,,189.361,164.276,,
May-02,0.098,,19.201,4.385,5.958,0.015,7.733,29.316,0.095,19.857,6.206,2.441,13.789,12.074,1.888,0,0.037,0.179,0.025,0,0,0.044,0,0,0,0.113,0,0,1.649,0.066,0,0.003,0,1.591,,197.991,141.016,,
Jun-02,0.039,,40.984,6.308,1.522,4.131,6.768,26.459,5.64,112.231,0.031,0.281,4.745,15.927,1.228,1.067,0.111,0.183,0.006,0,0.029,0.028,0,0,0,0.077,0,0,0.034,0,0,0,0,1.433,,180.143,132.547,,
Jul-02,0.043,,37.904,0.314,1.162,8.504,7.832,12.338,16.717,118.293,1.661,2.343,12.525,12.25,0.101,0.091,0.038,0.085,0.019,0,16.029,0.009,0.008,0,0,0.326,3.544,0,0.03,3.355,0.005,0,0,0.948,,187.509,162.484,,
Aug-02,0.317,,44.024,0.352,0.621,11.721,12.585,9.119,0.096,55.476,0.069,0.387,0.272,22.592,0.223,0,0.059,0.114,0.026,0,9.846,0.118,0,0,0,0.516,0,0,0.047,0,0,0,0,1.85,,210.235,133.539,,
Sep-02,0.182,,6.475,3.392,0.486,1.446,3.162,9.779,0.234,29.58,0.162,5.645,30.387,13.107,0.127,0.005,0.068,0.128,0.01,0.035,0.008,1.916,13.309,0,0,0.499,0,0,0.042,0,0,0.011,0,2.833,,181.425,140.934,,
Oct-02,0.266,,13.938,0.477,0.547,11.273,0.058,33.095,9.14,43.753,0.121,0.679,12.071,0.255,0.057,0.01,0.002,0.024,0.015,0,0.112,0.038,0.135,0,0,0.581,0.005,0,9.188,0.047,0,0.023,0,1.314,,199.317,152.841,,
Nov-02,0.338,,26.417,6.287,1.09,0.021,0.031,16.089,0.197,169.035,0.236,0.384,32.014,0.101,1.774,0.011,0.075,0.118,0.058,0.008,0.039,0.133,0.373,0,0,18.37,0.003,0,0.03,0,0,0.03,0,0.717,,184.971,139.053,,
Dec-02,0.129,,21.97,12.44,0.743,2.697,0.773,5.033,6.203,152.585,30.536,10.855,13.72,0.014,0.157,0.002,0.032,0.129,0.003,0,0.005,0.073,9.955,0,0,1.455,0,0,0.022,0.001,0,0,0,7.458,,190.427,140.82,,
Jan-03,0.116,26.797,16.819,0.242,0.681,0.103,0.369,12.785,0.056,106.927,0.132,13.731,1.341,13.689,0.08,0.114,0.002,0.173,0.015,0.067,0.002,0.034,0,0,0,0.473,0.001,0.002,0.024,0.001,0,0,0,2.836,,193.096,144.83,,1029.399
Feb-03,0.128,18.497,30.966,4.303,1.026,2.676,0.015,8.883,9.447,125.134,0.918,12.013,10.215,0.107,0.756,0.719,0.032,0.079,0,0,0.136,0.035,0,0,0,20.139,0.047,0,11.023,0,0,0,0,2.985,,164.89,140.71,,890.2
Mar-03,0.211,17.586,24.45,8.056,0.926,10.006,1.483,23.382,30.952,174.729,1.191,0.29,0.507,0.123,0.224,1.24,0.023,0.043,13.276,0.037,0.056,0.067,0.001,0,0,0.143,0.001,0.005,0.022,0.463,0,0,0,0.803,,202.559,179.17,,1216.462
Apr-03,0.323,33.926,20.769,9.345,0.682,0.003,6.184,12.294,1.576,113.312,1.714,11.824,8.076,1.62,1.314,0.006,0.055,0.082,0.001,0.036,0.004,15.669,0.004,0,0,0.722,0.468,8.091,0.046,0,0,0.02,0,0.68,,204.904,168.4,,1117.945
May-03,0.389,23.013,45.299,3.193,0.618,2.246,0.872,30.131,21.193,45.307,0.615,0.418,1.15,0.15,2.215,1.041,0.066,2.316,0.014,0.004,3.014,0.143,0,0,0,0.092,0,0,0.011,0.006,0.005,0.037,0,0.738,,195.485,149.763,,1032.448
Jun-03,0.08,16.274,15.664,0.441,4.596,0.02,5.245,25.801,0.062,59.263,0.104,2.965,11.321,0.02,0.306,0.157,0.076,0.077,0.04,0.016,0.183,0.082,0,0,0,3.668,0.007,0,3.346,2.907,0,0.154,0,3.895,,199.251,169.196,,1060.769
Jul-03,0.22,48.429,18.57,0.309,0.922,0.388,0.745,15.522,0.25,43.751,1.429,0.641,14.129,0.099,1.027,0.024,0.001,0.054,0.037,0.009,0.089,2.198,2.62,0,0,0.761,0,0,0.036,0,0,7.745,0,1.747,,220.941,185.56,,1263.345
Aug-03,0.198,34.462,17.999,7.456,0.58,0.034,1.145,8.931,0.066,30.127,0.053,0.381,6.469,4.101,3.057,0.219,0.109,0.118,0,0,33.033,0.116,0,0,0,25.474,0.627,0.002,0.028,0,0,2.505,0,1.045,,205.44,158.812,,1134.705
Sep-03,0.28,38.152,25.413,8.164,3.213,1.51,0.457,17.189,0.16,60.193,0.748,0.438,14.808,0.024,2.83,0.002,0.127,0.178,0.042,0.026,0.127,19.75,17.46,0,0,3.76,0,0,5.588,0.002,0,0.036,0,0.694,,229.043,174.144,,1167.303
Oct-03,0.241,2.332,10.13,12.885,12.879,0.033,0.796,40.409,0.131,93.265,0.286,0.362,47.788,3.866,4.197,1.273,0.102,0.048,0.017,0.002,0.134,0.039,0,0,0,6.276,0.634,0,0.028,0.023,0,0.04,0,1.693,,239.522,178.788,,1316.886
Nov-03,0.167,37.694,7.022,3.376,8.783,0.181,0.994,10.049,0.733,65.564,0.177,0.238,43.239,0.159,3.697,0.003,0.058,0.103,0,0.026,0,0.057,0,0,0,19.957,0.003,0,15.632,0.005,0,11.225,0,0.401,,196.73,175.075,,1063.02
Dec-03,0.206,12.428,26.187,25.574,0.7,0.104,0.662,26.23,15.634,126.474,5.909,0.288,24.67,0.105,1.091,0.004,0.076,0.101,0,0,0.068,0.114,0,0,0,48.498,0,3.194,0.062,0.489,0,0,0.639,1.095,,243.84,170.353,,1299.324
Jan-04,0.135,5.89,45.648,17.761,0.744,0.085,0.923,79.218,0.095,88.191,5.764,0.274,33.896,0.057,0.224,0.335,0.128,0.025,0,0,0.105,0.062,0,0,0,41.887,0,2.739,0.016,2.476,0,0.006,0,0.479,,222.946,180.268,,1134.821
Feb-04,0.113,4.74,41.799,12.104,0.738,4.653,0.468,13.451,0.171,76.269,0.194,0.218,58.277,0.012,3.197,0.713,0.133,0.061,0.035,0,0,0.057,0.081,0,0,36.061,0,0,0.076,0,0.001,0.018,0,0.25,,230.536,185.031,,1247.236
Mar-04,0.055,22.634,45.616,45.789,4.607,0.358,3.615,2.61,0.137,83.248,0.289,14.161,16.389,0.019,5.311,0.012,0.103,0.03,0,0,0.02,0.128,17.456,0,0,49.387,0.015,0,10.214,0.01,0,0.024,0,1.174,,275.294,228.117,,1327.725
Apr-04,0.158,26.626,55.789,17.218,0.736,0.043,1.294,17.803,0.24,66.561,0.306,0.43,46.317,0.061,2.297,0.014,0.042,0.043,0.046,0,0.02,0.111,20.836,0,0,48.261,0,0,10.081,0,0,0.026,0,1.323,,277.326,253.176,,1273.926
May-04,0.374,51.901,20.864,3.081,5.983,1.366,0.423,23.228,0.011,156.403,0.3,0.673,14.748,0.059,1.722,1.555,0.058,0.084,0.007,0.046,0.003,0.082,13.682,0,0,18.777,8.511,0,18.113,4.325,0,0.006,0,0.587,,268.592,240.312,,1316.773
Jun-04,0.361,56.882,14.545,6.102,44.058,2.853,11.171,39.349,0.183,7.045,15.858,0.526,3.186,5.222,4.605,0.001,0.093,14.005,0.033,0.052,0.004,0.893,0,0,0,11.557,0,0,0.052,0.053,0,0.007,0,0.512,,264.869,257.919,,1294.187
Jul-04,0.125,23.581,29.43,6.772,1.144,0.156,0.022,44.281,0.075,36.688,0.259,0.348,20.409,0.134,5.559,0.009,0.05,1.829,0.005,0.002,0.065,0.298,0,0,0,14.398,0,0,11.884,0,0,3.815,0,1.329,,296.992,253.465,,1510.232
Aug-04,0.18,113.993,33.19,11.01,15.387,5.591,0.466,22.204,18.874,42.212,0.204,17.174,3.338,0.101,3.508,0.026,0.14,0.059,0.024,0,0.032,3.671,27.054,0,0,30.499,0,0,0.04,0,0,0,0,0.746,,277.872,233.496,,1461.027
Sep-04,0.112,132.771,34.293,0.831,8.209,8.072,0.593,28.02,0.268,64.157,0.261,0.583,24.398,0.066,5.168,0.024,0.243,1.053,0.013,0,0.028,7.076,0.085,0,0,29.523,0,0,7.624,0,0,0.018,0,3.252,,317.07,244.389,,1412.992
Oct-04,0.193,137.371,32.499,44.857,8.343,1.706,0.621,37,5.042,139.171,7.859,2.699,3.568,0.088,3.24,0.108,0.081,1.177,0,0.007,0.056,9.8,0.005,0,0,41.914,0,0,0.027,0.014,0,12.143,0,0.847,,292.456,238.885,,1272.701
Nov-04,0.067,66.491,38.252,8.555,0.906,4.385,0.037,16.152,0.205,31.257,0.397,7.053,24.064,0.078,3.573,0.028,0.394,0.057,0.021,0,0.06,0.044,0,0,0,62.545,1.056,0,40.844,0,0,0.019,0,0.768,,269.911,212.063,,1089.848
Dec-04,0.385,60.892,20.039,8.995,1.069,3.909,2.516,17.762,0.912,78.843,0.332,0.651,20.557,0.498,3.429,0.001,0.046,0.034,0.044,0,0.052,0.162,0.001,0,0,29.934,1.371,0.001,0.034,0.046,0,0.028,0,1.085,,312.403,242.324,,1406.272
Jan-05,0.088,96.676,28.51,23.179,0.891,0.033,7.916,59.737,0.167,46.157,0.318,0.441,10.448,0.205,24.18,0.007,0.045,1.254,0,0,0.03,10.92,0.026,0,0,45.426,0.002,0,27.239,0,0,0,0,2.449,,279.908,201.462,,1393.602
Feb-05,0.196,64.486,69.337,0.547,0.577,0.167,1.147,11.947,3.349,21.447,17.764,0.265,2.959,0.238,6.455,0.005,0.073,0.078,0,0,0.129,0.128,0,0,0,11.398,1.639,0,17.991,0,0,0.011,0.001,0.936,,267.697,192.03,,1146.998
Mar-05,0.139,44.285,68.877,17.251,11.473,5.147,3.901,22.828,31.183,94.856,0.296,0.904,8.712,0.094,72.989,0.002,0.037,33.543,0.004,0,0.031,0.513,0.128,0,0,36.809,0,0,0.313,0.017,0,0.002,0,1.495,,353.63,335.499,,1514.08
Apr-05,0.14,98.305,38.095,26.886,16.415,0.009,0.624,28.992,0.048,32.688,3.123,0.522,5.258,0.066,43.776,0.004,0.099,6.932,0.004,0,0.097,0.077,0.024,0,0,7.46,0.904,0,20.025,0,0,0,0,1.757,,332.9,259.074,,1480.421
May-05,0.33,36.762,73.468,16.04,7.262,4.451,0.568,62.986,0.141,64.546,0.209,1.094,40.021,0.012,46.517,0.004,0.269,0.053,0.012,0,0,0.211,0,0,0,12.81,0,0,18.322,0.001,0,0,0,1.139,,346.62,264.527,,1361.168
Jun-05,0.271,32.616,96.235,12.334,2.415,0.267,1.296,49.026,0.147,46.463,0.324,0.311,7.523,0.056,43.43,0,0.095,0.051,0.004,0,0.002,0.202,0.348,0,0,51.947,0.001,0,0.138,0.003,0.002,0.02,0,1.26,,348.912,272.952,,1366.424
Jul-05,0.305,107.113,42.046,0.487,17.709,5.906,12.941,40.299,0.073,0.428,0.307,0.824,9.817,0.103,52.923,0.007,0.202,0.187,0,0.003,0.032,0.063,0.007,0,0,19.132,0.903,0.001,0.011,0.042,0,0.012,0,4.251,,396.837,249.074,,1491.269
Aug-05,0.136,195.358,7.471,18.65,1.216,0.124,2.083,53.32,0.178,60.924,0.82,1.189,28.848,0.088,13.863,0.006,0.066,1.905,0,0,0.003,0.175,0.042,0,0,0.252,0.999,0,23.24,0,0,0.032,0,1.768,,355.665,283.152,,1486.678
Sep-05,0.166,276.942,10.622,24.69,5.794,1.943,1.874,17.242,0.052,0.602,0.183,1.404,19.026,0.133,2.282,0,0.139,0.225,0.003,0,0.044,0.127,0,0,0,55.011,2.25,0,0.062,0.013,0,0.014,0,1.505,,358.509,227.87,,1375.759
Oct-05,0.143,274.151,50.67,10.577,9.261,0.005,0.009,26.584,0.132,36.05,0.518,0.966,11.419,0.435,3.549,0.002,0.128,2.092,0.061,0,0,0.233,30.873,0,0,48.44,0.002,0,0.092,0.023,0,0.009,0,0.503,,406.8,242.24,,1244.633
Nov-05,1.642,120.084,45.412,9.794,19.853,0.047,0.751,46.97,0.091,8.957,0.234,1.2,18.043,0.71,1.278,0,0.076,0.695,0.027,0,0.148,0.362,0,0,0,26.678,0.003,0,15.708,0.009,0.003,0.018,0,1.274,,476.628,223.078,,1428.095
Dec-05,1.49,68.222,9.684,5.521,0.864,0.386,1.566,1.176,0.091,154.02,0.112,0.289,11.03,0.066,1.134,0.002,0.163,5.152,0.005,0,0,0.25,0,0,0,16.876,0.019,0.001,16.764,0.005,0,0.03,0,0.834,,365.044,291.989,,1584.411
Jan-06,0.765,160.003,50.482,1.158,1.038,0.06,0.008,30.958,31.987,88.088,0.074,0.806,3.848,0.107,0.37,0.002,0.082,1.906,0,0.005,0,0.057,0.04,0,0,24.936,7.491,0,16.629,0,0.002,0.028,0.001,0.834,,373.204,202.218,,1314.786
Feb-06,1.415,139.19,46.316,0.602,1.721,0.021,0.692,19.863,0.052,124.456,0.493,15.443,68.041,0.067,2.475,0.03,0.062,35.902,0.061,0,0,5.063,0.049,0,0,90.751,0.85,0.001,49.394,0.012,0,0.009,0,0.719,,500.992,249.823,,1409.516
Mar-06,0.805,159.93,97.815,5.116,1.788,0,0.684,106.621,0.553,19.542,0.293,2.658,5.363,0.086,0.354,0.007,0.116,5.101,0.1,0.001,0,8.811,0.002,0,0,44.024,0.008,0,0.101,0.031,0.002,0.036,0,1.69,,491.166,299.888,,1528.717
Apr-06,0.773,56.848,83.426,0.851,1.849,0.017,0.807,91.539,6.975,22.743,0.641,0.602,3.699,0.008,42.44,0.026,0.189,0.21,0.049,0.001,0.081,0.564,0,0,0,40.595,4.127,0,28.721,0.052,0,0.014,0,2.012,,423.651,227.078,,1248.079
May-06,2.411,112.302,71.211,13.499,2.159,0.097,0.002,188.051,0.701,174.001,0.498,1.355,5.965,0.04,44.417,2.025,0.174,23.656,0,0.03,0.049,0.439,0,0,0,73.59,1.244,0,21.63,0.021,0.003,0.015,0,1.18,,448.306,236.052,,1383.892
Jun-06,0.56,285.597,78.147,0.625,3.156,49.227,2.112,38.47,0.065,55.952,0.147,0.307,13.295,0.063,158.373,0.018,0.277,4.251,0.028,0,0.336,0.295,38.194,0,0,71.133,0.04,0.043,16.012,0.057,0.002,0.058,0.001,2.236,,459.866,271.235,,1470.296
Jul-06,0.759,286.846,117.482,6.333,23.103,32.163,0.008,101.12,0.108,387.123,0.284,0.387,4.627,0.068,15.905,0.018,0.104,33.184,0,0,0.271,0.235,0,0,0,5.382,1.746,0.072,0.081,0.027,0,0,0,3.567,,483.067,298.131,,1512.955
Aug-06,0.824,520.03,208.102,42.025,4.37,6.622,3.956,168.055,0.608,312.735,0.555,27.257,32.109,0.042,59.271,0.009,0.18,2.103,0.039,0,41.622,0.152,7.114,0,0,3.803,0.009,4.099,0.07,0.057,6.827,0.029,0,1.993,,471.62,280.714,,1582.433
Sep-06,1.461,490.218,114.387,16.228,1.778,2.163,3.714,126.914,0.066,394.547,0.248,0.848,29.24,0.162,114.905,0.007,0.293,0.233,0.001,0,0.135,5.37,23.316,0,0,27.038,1.117,0.303,0.157,0.084,4.059,0.004,0.005,0.814,,534.29,307.907,,1571.961
Oct-06,0.356,359.681,202.944,1.401,2.028,0.949,6.036,31.761,0.122,254.424,0.304,0.175,46.273,0.034,51.796,0.011,0.099,5.063,0.038,0,0,0.195,24.787,0,0,34.96,0.031,5.708,19.241,1.289,0.021,0.021,0,0.82,,491.197,263.375,,1402.063
Nov-06,1.94,317.032,214.792,11.509,26.144,1.852,0.003,61.389,32.511,169.683,0.195,113.665,21.915,26.421,92.046,0.004,0.238,13.329,0,0.02,0.032,0.331,0,0,0,50.088,0,4.431,0.149,0.118,3.966,0,0,1.225,,549.57,289.206,,1667.004
Dec-06,2.632,301.468,156.418,34.12,5.205,0.018,0.713,72.463,27.306,135.925,3.439,0.364,30.637,0.919,39.998,0.013,0.19,21.934,0,0,0.027,0.292,0,0,0,59.688,1.893,0.011,12.165,0.015,0.04,0.005,0,1.865,,539.78,254.861,,1607.968
Jan-07,0.257,424.365,192.344,27.437,1.38,3.345,0.489,97.525,14.27,152.494,0.448,4.483,62.586,0.064,12.671,14.249,0.169,0.075,0,0,0,0.201,27.994,0,0,22.024,3.067,4.243,9.174,0.167,0,0,0.031,2.573,0.658,563.783,220.395,,1674.828
Feb-07,0.111,205.245,168.484,29.548,1.442,15.48,10.165,106.572,0.027,137.52,0.217,0.364,41.865,0.273,55.581,0.007,0.027,0.678,0.062,0,0,11.336,0,0,0,72.241,0.011,4.276,0.599,2.005,1.806,0,0.008,1.547,0.538,502.037,196.714,,1312.819
Mar-07,0.52,384.982,190.739,47.203,78.563,8.823,0.748,92.588,0.104,186.36,42.566,4.604,2.752,0.095,3.029,0.013,0.125,0.811,0.015,0.004,0.103,0.181,47.056,0,0,26.323,0.006,4.663,34.422,0.158,6.773,0,0,3.673,0.5,635.682,283.97,,1824.869
Apr-07,1.174,314.858,264.323,64.779,16.132,7.087,0.896,107.739,0.052,465.834,5.257,1.699,5.801,0.007,17.773,0.001,0.233,0.945,0.003,0,0.029,0.255,15.354,0,0,101.042,4.284,2.037,31.458,0.046,5.045,0,0.461,1.594,0.264,637.685,290.578,,1608.932
May-07,0.486,406.621,234.596,10.947,28.945,17.386,23.793,86.836,0.122,241.976,0.176,0.239,59.122,0.081,40.025,0.015,0.303,0.146,0,0,0,0.224,128.306,0,0,96.627,5.345,11.797,0.207,2.694,7.017,20.076,1.095,1.979,0.682,591.776,309.524,,1540.771
Jun-07,1.224,256.576,230.214,27.25,20.58,5.849,0.889,159.214,19.49,194.963,0.215,5.547,53.129,0.177,100.927,0.032,0.133,1.036,0,0,0.039,0.287,47.25,0,0,78.382,2.293,33.616,0.109,7.682,0.043,0,0.055,1.897,0.307,665.277,318.911,,1686.023
Jul-07,0.46,366.082,216.018,23.558,5.011,3.072,0.893,111.997,1.133,123.061,1.595,0.346,22.612,0.001,136.726,0.017,0.188,20.439,0.006,0.058,0.096,79.84,13.042,0,0,154.557,0.001,6.003,0.129,0.037,0.007,0,0.024,2.792,0.298,622.525,297.917,,1636.336
Aug-07,1.005,232.34,157.11,36.123,11.281,1.908,0.04,172.648,27.103,269.471,0.107,36.522,50.806,0.109,126.595,0.006,0.228,26.369,0.004,0,0.04,0.322,0,0,0,105.755,0.002,12.594,0.139,0.043,0.041,0.008,0.024,3.332,0.394,641.033,319.2,,1813.063
Sep-07,0.938,280.991,131.91,1.87,14.142,0.088,0.092,144.662,0.118,159.555,0.185,0.425,3.529,0.295,225.595,0.007,2.595,1.139,0,0.053,0,0.91,0.014,0,0,147.248,0,0.015,13.907,0.059,0.012,0.008,0,2.695,0.574,634.993,372.801,,1571.968
Oct-07,0.591,575.621,232.855,13.608,26.407,0.159,0,119.328,0.178,127.505,0.085,4.304,42.567,0.393,122.959,0.01,0.234,0.378,0,0.018,0.016,0.511,41.288,0,0,244.001,1.912,0.045,64.373,0.14,0.016,0.013,0.025,1.736,1.03,552.658,321.236,,1757.218
Nov-07,0.698,407.718,302.084,1.396,1.06,7.164,4.993,146.455,0.204,169.337,0.265,51.751,56.149,0.851,53.505,0.003,0.076,0.906,0.09,0,0,0.187,0.002,0,0,93.171,0,0.009,23.955,0.104,0,0,0,6.277,0.579,518.36,301.102,,1731.531
Dec-07,0.634,567.422,447.421,26.986,1.522,14.654,3.77,129.008,0.148,156.648,0.26,40.297,4.109,0.23,35.922,0.007,0.167,7.898,0,0.002,0,0.195,0.007,0,0,244.426,1.577,0.005,7.184,7.328,0.002,0,0.004,2.073,0.704,632.424,243.39,,1941.459
Jan-08,0.035,393.681,612.801,14.993,1.928,2.525,7.79,277.012,0.114,306.983,16.96,76.069,68.139,0.293,73.995,0.012,0.108,7.345,0.043,0,0.078,0.622,0.001,0,0,241.912,0,0,0.146,0.071,0,0,0.035,2.36,4.479,616.938,417.991,,2180.932
Feb-08,0.711,522.476,243.672,1.322,15.348,6.158,1.025,281.282,0.073,245.719,0.212,53.035,15.59,0.06,201.757,0.008,0.213,1.891,0.001,0,0.014,27.505,0,0,0,253.918,0.001,0.074,0.353,5.754,6.354,0.025,0,1.681,0.159,613.856,298.946,,1583.112
Mar-08,0.417,512.117,196.812,93.832,1.892,24.58,0.093,269.076,0.12,367.72,0.187,45.86,85.667,0.923,48.209,0.001,0.199,31.913,0,0.001,0.061,0.587,0.344,0,0,205.275,0,7.973,0.264,0.105,4.909,0,0.015,2.098,0.162,551.617,305.095,,1724.585
Apr-08,0.261,680.053,308.826,56.092,47.951,88.049,0.521,231.596,0.722,71.678,0.201,58.074,292.161,0.19,356.14,0.134,0.378,1.747,0,0,0.036,33.571,0.074,0,0,98.804,0,8.083,29.416,7.323,0.009,0,0,2.752,0.882,618.587,296.13,,1997.998
May-08,0.304,1067.009,420.851,83.432,2.596,14.68,0.571,569.306,3.625,193.937,16.869,0.819,395.179,0.037,189.178,0.003,0.165,49.295,0,0,0,9.588,0,0,0,185.071,1.942,9.388,0.145,14.031,0.741,0,0.013,1.412,0.537,549.502,305.546,,1895.658
Jun-08,1.184,1138.845,346.236,51.012,52.665,27.001,11.684,500.278,0.024,341.485,48.622,44.355,254.62,6.627,26.985,0.005,0.286,18.125,0,0.002,0.322,0.925,36.961,0,0,167.401,0.025,44.477,0.127,0.119,0.03,0.003,0,2.756,0.435,688.55,307.31,,1683.059
Jul-08,0.484,1001.239,572.199,74.634,52.851,70.783,0.163,357.857,3.932,65.774,0.553,43.889,407.806,1.262,112.918,0,0.052,1.471,0.003,0,0.097,1.087,0,0,0,194.625,4.365,8.33,0.211,5.28,0.016,0,0.015,2.791,0.639,695.088,399.702,,1989.281
Aug-08,0.312,496.375,367.179,76.082,3.196,55.196,1.239,129.268,35.248,97.099,0.285,42.796,23.813,0.206,68.023,0,7.353,0.996,0,0.001,0,12.321,0.042,0,0,56.232,0.072,53.559,0.164,0.069,0,0,0,3.165,3.182,635.232,320.676,,1830.078
Sep-08,1.357,614.348,265.363,64.313,43.476,33.348,1.176,174.203,0.103,143.663,47.142,15.238,44.111,0.216,36.731,1.115,0.054,40.172,0.003,0,0.002,6.626,0.001,0,0,213.504,5.537,0.023,0.042,0.004,0.003,0.004,0,2.388,1.563,716.192,355.835,,1822.1
Oct-08,0.725,535.151,319.267,33.108,1.426,24.44,5.203,154.691,2.567,163.365,1.321,63.323,44.684,1.479,111.451,3.916,0.897,0.136,0,0.005,0.224,0.368,0,0,0,151.495,4.799,49.006,0.26,0.25,0.036,0,0.001,2.962,1.686,575.741,330.416,,1728.956
Nov-08,0.445,344.977,185.84,47.882,8.26,21.508,2.57,101.378,0.039,120.765,0.082,0.488,55.523,0.041,22.939,0.013,2.658,2.349,0.114,0,0.053,16.35,8.298,0,0,65.68,1.637,3.46,0.155,0.177,0,0,0,5.4,0.795,526.89,263.94,,1667.944
Dec-08,0.096,346.794,114.951,36.788,14.342,8.668,3.251,108.069,14.756,110.037,2.702,0.349,152.951,3.166,81.552,0.034,0.007,17.63,0,0,25.057,20.682,0,0,0,77.99,1.346,7.157,0.078,0.151,3.683,0,0,3.249,0.431,520.112,280.807,,1619.679
Jan-09,1.676,203.981,138.729,80.845,16.553,3.231,2.835,83.842,26.473,105.628,0.139,0.317,64.994,3.015,99.108,0.005,2.652,2.293,0,0.037,0.02,0.053,0.004,0,0,149.234,0.156,14.869,4.103,0.412,0.036,0,0,10.113,0.815,505.226,286.83,,1345.17
Feb-09,0.726,411.072,185.643,94.964,54.161,10.28,11.639,117.075,0.096,229.077,8.077,0.185,113.132,0.358,24.286,0.004,0.291,1.443,0,0,0.001,0.029,0,0,0,56.533,0.194,0.092,37.807,0.132,6.123,11.686,0,6.924,0.529,485.776,214.266,,1356.552
Mar-09,0.056,434.186,224.144,31.322,5.305,16.653,25.349,148.509,28.94,188.292,12.051,5.17,83.167,0.209,8.886,0.002,0.206,3.687,0,0,31.067,47.558,2.023,21.039,0,35.064,0.052,22.412,18.815,0.235,0.006,0,0.007,4.702,0.631,572.172,263.441,,1635.952
Apr-09,0.659,528.448,195.907,21.395,9.781,9.206,2.824,242.642,2.816,237.297,53.546,34.608,152.236,0.135,123.938,0.069,1.418,1.957,0,0,0.018,22.347,0,0,0,130.308,0.024,5.6,0.123,4.66,0.005,0,0,3.379,0.403,483.822,269.641,,1326.168
May-09,5.67,415.058,155.743,15.924,1.75,3.773,10.835,176.736,6.079,199.477,3.279,75.564,195.692,0.292,102.51,0.024,2.263,0.92,5.01,0,0.088,21.314,55.025,0,0,38.209,0.02,12.923,27.112,4.125,0.065,0,0,4.878,0.368,458.648,251.835,,1331.175
Jun-09,4.568,438.052,248.818,34.616,6.185,7.929,5.67,196.831,3.275,152.358,0.215,0.361,164.385,0.258,109.639,0.023,70.241,2,0.098,0.009,17.187,1.39,0.008,0,0,59.32,0.189,15.517,36.949,0.136,0.004,0,0.001,2.545,1.008,502.642,249.679,,1306.148
Jul-09,6.713,429.78,207.705,39.89,3.048,5.662,14.222,108.142,0.118,81.241,42.893,0.493,240.453,7.851,113.968,0.005,0.383,2.74,0.067,0,0.004,1.762,5.354,0,0,147.293,3.735,16.879,59.327,0.671,0.009,0,0,4.156,0.753,574.324,285.953,,1573.157
Aug-09,0.057,654.52,260.578,7.619,2.065,11.358,0.052,209.327,60.068,133.981,16.056,0.271,99.427,8.526,15.66,0.005,0.344,51.668,0.028,0.008,0,3.655,0,0,0,60.486,0.12,0.057,0.201,0.137,0.059,0,0.008,7.28,0.663,601.048,245.78,,1395.605
Sep-09,0.286,386.467,175.248,17.998,18.548,0.329,1.372,231.274,0.14,127.061,40.295,43.813,198.152,9.04,26.241,0.007,0.47,0.375,0.036,0,0.075,7.949,0.001,0,0,102.241,0.148,13.259,0.094,1.503,0.067,0.011,0,4.623,1.251,575.558,258.849,,1174.885
Oct-09,10.01,668.402,257.629,3.951,1.437,52.505,1.54,315.862,6.185,169.243,0.144,52.231,232.005,16.898,4.167,6.018,0.397,35.099,0,0,0,2.795,2.502,0,0,178.767,0.093,4.169,0.755,3.692,0.086,0.031,0,8.292,1.918,552.113,287.647,,1508.233
Nov-09,0.46,393.391,236.766,34.323,7.981,10.575,3.635,194.066,0.134,295.755,0.108,116.623,147.168,9.315,39.231,0,0.294,19.436,0.072,0,0.076,24.712,0,0,0,41.15,0.012,11.729,0.225,0.104,0.043,9.051,0,6.478,1.542,515.839,305.475,,1280.119
Dec-09,0.362,314.973,362.577,54.517,1.884,9.787,1.62,71.915,0.214,309.116,1.23,29.135,99.168,0.197,2.437,8.445,0.21,32.535,0.196,0.01,0.085,1.87,2.368,0,0,124.039,0.026,2.943,0.586,0.532,0.021,0,0,6.086,1.94,576.735,267.928,,1487.637
Jan-10,0.412,768.685,344.388,45.781,7.06,6.719,20.001,302.975,36.447,408.36,87.957,0.23,378.363,9.005,28.809,0.7,4.594,17.865,0,0,0,85.904,0.01,0,0,143.378,0,0.065,0.346,4.492,0.007,0,0,9.057,0.357,578.691,303.021,0.105,1384.437
Feb-10,0.102,527.944,526.113,16.439,1.526,9.964,26.713,125.427,0.032,213.23,14.584,0.362,167.431,8.822,77.344,0.011,5.581,20.786,0,0,0.047,7.642,21.314,0.014,0,128.85,0.071,2.696,0.105,3.173,0.064,0,0,7.314,0.009,522.555,231.564,0.418,1113.276
Mar-10,0.289,900.052,379.922,46.207,36.363,20.136,16.143,217.979,0.083,147.198,17.426,9.913,278.987,38.134,160.15,1.073,2.22,68.84,0.049,0.002,0.085,7.24,2.564,0.014,0,190.98,0.01,16.168,0.254,0.313,0.038,0,0,11.164,0.641,686.993,319.083,0.094,1515.269
Apr-10,2.025,861.767,419.2,42.525,2.317,22.106,12.002,168.018,0.883,211.396,6.395,34.215,76.936,23.906,49.122,1.388,0.203,38.148,0.16,0,0,8.191,19.664,0,0,180.176,2.832,8.95,0.114,10.923,0.039,0,0.009,10.957,0.643,585.599,315.93,0.365,1548.894
May-10,4.473,501.18,283.688,92.865,2.273,33.164,15.672,187.908,0.763,125.251,18.694,0.414,300.47,10.225,158.476,12.431,36.095,57.86,0.112,0,1.156,37.897,23.079,0,0,106.085,0.1,4.948,0.141,10.042,0.01,0.005,0,14.998,0.668,613.47,285.964,0.235,1397.663
Jun-10,6.599,698.054,269.186,28.869,1.934,15.347,4.99,174.376,0.96,195.163,22.293,88.542,301.475,47.079,143.116,9.482,0.489,41.259,0.161,0,0,15.632,37.054,0,0,405.732,18.65,12.296,0.387,15.178,0.064,0,4.524,5.835,1.354,672.701,303.957,0.082,1496.979
Jul-10,0.159,608.34,387.411,50.432,8.5,52.708,19.119,157.218,18.244,166.592,5.917,130.958,273.194,10.418,222.774,0.01,0.261,24.563,0.05,0.015,59.627,19.189,0.001,0,0,106.982,13.871,0.037,0.408,2.795,0.01,0,3.28,9.083,1.125,706.213,279.383,0.266,1597.349
Aug-10,4.643,550.515,416.425,65.678,2.592,0.149,13.093,182.385,0.133,272.717,13.829,33.623,133.894,10.58,175.98,0.019,0.215,5.509,0.053,0.028,34.339,10.355,61.088,0,0,103.267,0.004,36.586,0.512,7.091,0.023,10.179,0.009,9.018,1.758,736.399,286.303,0.403,1631.638
Sep-10,11.244,1031.208,312.646,61.919,2.375,5.42,11.622,124.858,0.203,328.65,55.279,54.63,205.021,55.751,48.183,0.008,0.07,2.025,0.16,0.008,0.051,5.254,52.632,0.03,0,96.411,0.213,13.478,0.402,2.069,0.054,22.396,0,9.07,1.261,688.284,331.593,0.344,1335.599
Oct-10,0.267,657.035,265.694,9.453,15.643,6.959,13.184,59.029,31.794,158.02,58.36,0.429,265.332,10.658,119.809,0.027,0.464,90.35,0.079,0,0.035,0.501,0.328,0,0,207.69,0.073,7.828,27.364,20.796,0.751,5.892,0,12.774,1.287,682.038,316.239,0.306,1449.702
Nov-10,0.674,706.096,251.961,23.107,8.903,11.234,6.264,68.083,0.138,149.656,6.607,37.04,403.7,1.162,59.076,0.005,120.133,62.415,0.228,0,0.001,97.787,0.001,0,0,90.976,0.253,7.92,0.599,0.189,0.038,4.293,0,8.198,1.575,562.594,277.163,0.224,1511.652
Dec-10,1.026,575.735,265.562,48.342,1.693,18.013,8.445,90.281,0.088,73.98,0.086,0.347,264.097,0.176,221.936,0.094,76.072,40.307,0.183,0,0,4.407,0.009,0,0,140.793,0.048,14.538,0.692,2.282,0.031,0,0,12.657,1.446,1051.341,350.532,0.34,1767.629
Jan-11,0.269,954.685,459.812,90.578,33.482,10.051,21.095,260.401,0.165,374.914,22.041,0.336,252.259,0.357,81.54,0.001,91.661,22.318,0,0,0.01,0.506,0.001,0,0,253.671,2.525,0.053,0.356,24.945,0.032,11.938,0.006,14.445,0.345,603.309,260.571,0.365,1558.663
Feb-11,0.313,702.361,329.288,65.975,2.367,0.365,2.301,210.338,0.073,334.836,63.065,0.743,220.433,74.278,38.415,10.959,23.109,3.105,0.065,0,0.001,0.569,0.002,0,0,123.257,0.041,9.071,0.342,2.815,0.042,15.97,0,9.751,0.541,501.681,216.336,0.568,1337.765
Mar-11,6.385,1154.978,449.437,82.26,14.248,14.195,19.984,409.43,40.096,162.779,0.464,77.746,74.479,1.822,353.382,24.599,0.265,10.223,0.072,0,0.002,0.65,36.878,0,0,205.278,0.049,9.61,0.566,0.429,0,0.06,0,10.543,0.741,716.764,308.978,1.046,1671.077
Apr-11,0.291,912.052,516.772,58.595,14.334,2.988,20.262,389.335,81.483,369.11,0.258,26.804,150.731,91.787,318.597,0.003,0.725,0.753,0.013,0.015,0.002,1.814,32.059,0,42.825,297.217,0.012,16.151,0.275,24.317,0.029,18.732,0.042,8.275,2.963,577.602,321.638,0.407,1645.185
May-11,4.324,846.272,637.583,34.979,3.817,11.295,8.425,317.295,21.424,192.416,0.798,26.588,258.591,0.129,241.682,10.911,0.09,7.317,0.128,0,0.201,0.563,56.893,0,44.886,263.531,0.076,4.394,33.251,5.043,0.019,9.8,0.001,8.746,1.219,570.038,278.829,1.285,1687.309
Jun-11,0.306,1172.141,628.159,44.605,3.472,1.759,15.102,148.212,0.31,166.269,9.271,16.74,293.77,57.476,95.097,0.05,0.171,0.545,0.004,0.004,0.103,1.416,7.261,0,0,334.622,1.653,0.053,59.192,12.688,0.008,0,0.01,4.991,1.651,628.072,320.425,0.785,1764.634
Jul-11,3.632,741.44,553.962,41.511,25.133,0.128,10.154,139.008,0.131,73.714,74.276,73.98,149.068,0.168,136.445,11.908,45.275,3.719,0.079,22.836,0.109,1.604,0.001,0,40.962,337.423,0.185,6.977,0.49,2.848,0.011,22.926,0,4.819,1.378,559.013,282.44,0.169,1924.576
Aug-11,0.626,469.837,453.368,17.892,3.695,12.336,31.067,189.828,5.392,22.9,46.053,38.698,281.746,17.859,5.66,10.07,0.25,85.725,0.175,0.022,30.529,8.294,0,0.002,0,251.183,5.853,16.724,0.305,5.96,0.009,0.003,0.89,5.946,1.253,578.057,315.212,0.557,1813.386
Sep-11,1.071,929.498,353.31,29.046,4.647,12.216,6.382,228.97,0.126,235.646,41.28,0.406,171.323,25.811,7.641,0.004,137.601,13.289,0,0,0.094,1.015,0,0,0,233.786,0.013,0.042,0.381,7.152,0.004,6.392,0,4.677,1.3,626.774,346.944,0.085,1986.873
Oct-11,9.663,840.612,279.042,24.548,2.212,0.768,25.665,212.801,0.128,204.371,4.356,36.819,54.438,86.34,1.284,1.265,130.353,8.8,0.085,0,0.136,3.607,0.013,0,0,197.29,0.021,11.879,1.539,9.799,0.034,14.799,0.009,6.65,0.77,522.918,302.594,0.638,2016.459
Nov-11,3.54,702.291,468.611,35.066,2.723,0.576,17.681,200.595,0.201,98.647,1.628,0.402,54.064,29.795,14.445,0.003,0.197,2.725,0.05,0.001,0.034,0.602,0.012,0,0,158.175,5.804,69.788,0.373,19.311,0.032,25.535,2.513,5.589,0.73,549.21,303.435,0.154,1916.399
Dec-11,6.374,548.262,468.384,25.299,2.2,0.59,9.614,97.967,0.167,176.354,51.234,73.104,311.999,0.377,8.501,1.276,152.259,27.061,0.05,0.001,4.341,103.811,0.019,0,0,282.335,4.125,8.676,15.937,9.947,13.078,0.007,0,5.481,0.599,623.337,292.683,0.451,1866.948
Jan-12,13.787,909.155,226.339,15.438,15.66,0.677,26.82,192.104,0.131,23.995,0.379,0.547,262.057,11.609,142.793,1.377,0.129,20.244,145.112,0,0.066,0.543,0.009,0,0,155.487,18.777,13.866,1.829,9.319,0.018,0.013,0,5.693,0.237,466.948,244.046,0.725,1627.709
Feb-12,12.974,810.935,584.146,38.73,3.176,0.131,25.933,156.02,0.137,61.492,65.332,0.613,94.318,11.583,87.725,0,0.089,47.786,48.791,0.101,0.154,0.438,0.015,0,0,294.364,23.123,36.777,18.929,23.945,29.147,17.046,0,6.805,0.771,505.703,283.737,0.582,1977.082
Mar-12,15.995,864.896,549.414,1.49,34.262,9.051,24.845,219.322,30.847,133.422,152.734,0.79,7.832,63.542,3.034,0.004,0.272,6.417,0,0,0.047,0.702,16.576,0.002,0,61.597,21.075,21.676,33.915,7.052,22.384,22.725,0,7.464,0.805,575.157,343.507,0.801,1811.049
Apr-12,0.165,1008.691,534.442,22.731,17.39,23.467,28.438,262.486,0.224,25.098,0.222,39.811,119.284,36.702,89.678,11.267,0.853,89.414,0.004,0,0,0.877,17.186,0,0,311.957,4.425,15.557,14.221,18.7,1.83,24.943,0,6.662,0.906,522.483,306.249,0.551,1901.264
May-12,0.129,601.095,311.937,16.348,28.288,0.877,11.508,214.248,0.179,9.85,2.914,0.356,116.893,0.353,5.109,0.01,0.21,0.838,0.025,0,0.027,1.253,0.972,0,0.006,129.733,24.373,20.9,1.58,0.312,21.906,20.952,0,8.025,1.765,570.554,316.025,0.731,1987.279
Jun-12,0.379,456.727,483.818,8.426,3.335,0.277,7.655,156.986,0.13,110.681,0.171,0.429,64.48,26.643,74.605,0.01,0.139,24.462,0.028,0.054,24.111,0.742,8.283,0,0,351.731,19.506,38.702,0.374,0.372,3.28,8.335,0,6.259,2.209,487.929,371.133,0.387,1880.623
Jul-12,0.173,491.039,423.108,0.801,35.01,0.487,5.052,186.866,0.109,82.89,19.545,0.535,12.47,17.429,85.232,0.001,0.24,4.12,0.098,0.042,0.145,44.282,8.379,0,0,186.742,0.154,22.963,0.551,9.594,0.013,10.674,0,6.18,1.682,542.86,313.583,0.841,1998.827
Aug-12,0.124,753.6,538.661,22.728,13.276,0.087,7.978,112.872,0.095,38.787,2.237,0.394,20.165,10.905,31.063,0.002,0.231,57.754,0.108,0.031,0.258,24.511,10.527,0,0,119.607,0.021,12.295,0.265,0.125,0.01,4.641,0.796,5.395,2.03,458.013,309.01,1.137,1608.841
Sep-12,0.851,554.84,654.405,13.908,16.274,7.832,11.941,121.64,16.971,91.861,1.058,0.633,30.307,12.498,57.806,1.47,0.13,49.945,0.09,0,0,0.719,10.014,0,0,211.748,0.09,12.712,17.085,18.763,0.004,0.011,0,7.947,1.765,482.002,344.433,1.026,1729.624
Oct-12,0.17,355.066,450.078,0.754,12.755,13.669,15.754,226.544,0.206,77.938,1.816,3.606,25.3,50.613,5.351,13.501,0.243,0.413,0.335,0,0.015,0.631,6.185,0,0.002,261.502,4.641,17.272,15.877,21.205,0.015,10.689,0.002,7.66,1.874,493.172,357.598,1.121,1765.02
Nov-12,0.941,499.258,460.688,1.062,2.42,10.166,8.773,48.517,0.15,104.479,25.265,0.855,90.428,41.34,4.199,1.787,0.257,49.375,0.294,0,0.079,0.802,11.912,0,0.026,218.277,0.07,19.545,20.441,7.041,0,7.442,0,5.282,1.641,429.532,450.908,0.813,1489.626
Dec-12,0.179,366.743,365.311,2.078,5.718,7.713,0.128,40.197,0.124,0.32,0.49,0.515,56.94,12.158,1.485,14.866,0.159,47.729,0.185,0,0.006,0.756,4.375,0,0.005,311.776,0.058,13.929,0.241,0.275,0,27.326,0,7.658,1.735,500.207,297.815,0.238,1485.283
Jan-13,0.744,455.717,388.299,1.346,21.489,23.657,21.049,15.31,0.307,15.11,73.626,0.539,122.828,9.277,1.701,0,0.138,42.39,0.338,0,0.2,1.334,2.344,0,0,152.021,0.037,11.577,35.041,0.207,0.042,8.918,0,6.053,1.936,626.143,329.361,0.934,1673.56
Feb-13,0.153,578.438,339.274,31.94,21.303,17.856,6.766,34.181,0.471,69.254,15.881,0.711,64.704,11.053,3.119,0.01,0.252,175.078,38.516,0.003,50.53,0.613,4.359,0,0,127.475,0.053,9.137,7.225,16.929,4.73,26.816,0,7.469,1.303,809.122,273.851,0.733,1409.255
Mar-13,0.104,446.16,316.543,14.651,3.475,7.233,15.932,113.678,0.2,0.368,18.266,1.954,9.773,0.237,3.028,1.141,0.073,0.247,22.187,0,0.035,1.204,36.632,0,0,136.783,0.065,3.906,0.425,0.265,0.009,26.686,0.04,7.407,1.222,570.504,343.326,0.897,1672.235
Apr-13,0.122,368.8,396.575,37.921,3.034,44.56,15.079,139.493,0.568,2.757,0.466,1.03,59.684,24.097,6.085,1.047,0.335,109.054,0.458,0.171,91.505,1.897,2.27,0,0,107.937,13.237,11.573,33.025,9.992,4.488,8.413,2.573,27.823,1.546,538.811,398.557,2.163,1785.798
May-13,0.434,460.835,395.163,14.595,1.899,31.911,16.015,62.316,0.645,62.388,0.432,0.773,29.72,10.502,3.701,0.078,0.577,148.716,0.483,0,185.345,0.741,2.361,0,0,179.631,2.434,27.42,0.516,0.406,0.012,0.01,0.387,6.21,8.645,585.945,316.535,1.657,1690.647
Jun-13,0.277,503.953,297.075,76.079,13.133,38.124,11.375,52.935,0.343,36.439,0.629,3.134,51.107,31.553,32.766,0.001,0.318,185.667,0.217,0.036,71.707,0.731,2.289,0,0,101.036,0.037,18.716,0.491,0.041,0.007,10.899,0.073,5.455,1.712,506.41,313.874,1.585,1796.994
Jul-13,0.632,499.234,377.762,3.941,21.523,0.601,16.436,72.68,0.199,35.012,4.373,0.502,56.458,16.045,3.613,0.017,0.255,17.225,0.245,0.06,0.505,16.185,0.044,0,0.01,146.172,0.056,5.309,0.548,0.186,0.058,8.695,0,8.593,2.504,510.304,331.721,4.048,1715.97
Aug-13,0.156,624.604,328.257,63.603,14.597,21.593,13.283,51.242,0.2,23.066,0.431,1.081,13.373,12.402,9.359,0.013,0.178,36.085,0.569,0.11,0.624,0.649,0.014,0,0,141.229,0.057,28.121,12.471,0.23,0.005,0.009,0,7.602,2.328,518.839,347.722,2.055,1434.663
Sep-13,0.303,437.116,330.418,19.89,2.707,15.697,0.033,79.713,0.374,99.899,6.904,0.445,7.893,88.472,17.736,0.018,0.278,58.069,0.128,0.003,0.072,0.512,3.222,0,0,162.937,0,8.694,0.361,3.022,4.624,6.214,0.001,8.312,2.566,481.006,398.693,1.779,1530.92
Oct-13,0.607,352.843,363.842,0.992,1.588,17.893,8.632,13.803,0.363,178.567,15.058,1.149,57.4,0.312,13.76,0.007,3.075,48.89,0.156,0.01,0.343,1.107,0.093,0,0,69.834,4.902,15.891,0.538,0.148,0.079,0.006,3.119,19.461,2.298,704.835,372.831,2.332,1711.959
Nov-13,0.555,420.897,483.252,41.953,2.335,8.517,26.873,30.542,0.272,57.759,0.243,0.722,66.983,85.012,4.402,0.007,0.766,45.263,0.472,0.017,21.818,0.799,4.536,0.002,0,97.8,25.689,32.146,10.842,16.243,0.031,18.233,1.974,8.952,1.751,426.832,332.663,3.493,1473.162
Dec-13,0.269,292.375,394.886,13.414,1.769,7.639,26.497,39.932,0.395,13.304,0.232,1.101,212.553,26.592,4.64,0.002,0.191,54.882,0.126,0,0.119,0.762,0.042,0,0.007,116.058,0.039,18.481,14.063,16.713,0.04,0.007,0.033,8.275,0.741,580.297,306.248,1.534,1408.377
Jan-14,0.032,305.846,208.234,8.361,6.962,0.702,4.788,64.329,0.889,144.04,3.228,0.735,66.847,31.597,4.974,5.043,0.13,0.539,0.515,0,0.247,1.461,5.791,0,0,159.775,23.564,41.752,0.343,0.702,34.349,18.588,0.006,8.627,1.444,479.102,311.234,0.621,1484.082
Feb-14,0.107,312.304,363.497,2.164,2.922,1.191,10.05,30.823,0.354,28.598,0.277,0.822,11.659,53.225,5.163,0.03,0.557,0.464,0.358,0,0.012,18.344,0.048,0.001,0,29.01,15.38,18.595,23.231,3.337,20.878,7.548,0.023,6.971,0.717,436.375,330.374,1.699,1372.73
Mar-14,0.583,419.026,310.987,0.883,7.363,15.678,21.42,109.228,0.327,0.802,0.385,0.963,23.325,133.347,8.931,19.336,0.506,45.975,11.013,0.036,43.37,1.582,0.002,0.007,0,294.749,16.829,8.731,0.528,0.173,31.422,0.035,0,5.819,1.204,568.578,538.516,1.219,1503.419
Apr-14,0.099,533.948,373.155,0.693,2.574,0.533,40.988,60.441,0.629,0.508,0.331,0.41,52.956,103.529,5.084,10.542,0.468,53.004,0.449,0,0.153,1.309,20.108,0,0,239.284,13.677,22.033,16.596,2.551,13.361,0.02,0.002,4.445,1.82,512.181,389.132,0.668,1564.52
May-14,3.708,435.009,339.274,5.169,2.485,1.58,8.321,90.661,0.323,0.507,0.383,2.8,13.979,50.882,17.318,0.006,0.179,0.898,0,0,36.675,11.701,0.015,0.003,0.003,221.842,31.789,22.193,0.575,0.217,34.918,0.007,0.089,6.206,1.545,501.744,366.376,0.713,1419.043
Jun-14,0.033,348.515,662.148,51.702,25.571,75.586,16.671,111.497,0.265,46.596,0.429,24.036,117.396,14.317,30.792,0.055,0.275,46.266,0.363,0.004,0.149,0.626,0.051,0.008,0,251.108,18.56,34.7,0.549,12.481,13.821,0.017,8.344,6.582,2.643,508.375,376.393,0.159,1456.248
Jul-14,0.153,368.984,420.142,14.205,2.018,21.369,16.009,140.924,0.486,45.77,0.916,1.449,7.423,70.767,7.544,0.009,0.379,10.425,0,0,0.188,8.265,0.045,0.001,0.002,94.498,19.975,17.092,0.681,13.59,37.256,0.057,6.06,5.356,2.403,533.678,317.535,1.901,1290.402
Aug-14,1.247,264.691,230.571,14.755,8.6,17.968,9.48,97.942,0.156,41.747,0.78,0.7,9.609,37.604,5.89,20.731,0.333,15.041,0,0,0.358,0.77,0.017,0,0.001,180.501,13.305,18.448,0.391,0.246,11.226,0.002,0.007,5.769,1.937,541.596,416.243,1.167,1482.622
Sep-14,0.622,321.992,259.55,3.401,2.374,12.019,15.06,20.499,0.675,35.081,0.751,3.461,9.913,35.113,9.125,0.003,2.076,70.162,0.011,0.002,0.762,1.806,22.984,0.003,0,104.783,0.197,7.371,0.548,0.279,31.026,0,0,6.731,2.436,744.839,442.054,1.131,1448.349
Oct-14,0.839,307.051,204.78,21.427,15.759,10.854,9.417,41.47,1.188,0.539,0.601,1.049,9.364,13.058,3.431,0.001,0.291,0.525,0,0.001,0.084,0.843,0.216,0.014,0.004,133.5,10.519,8.184,15.765,13.857,0.019,0.011,0,7.397,2.12,544.73,398.222,1.999,1452.241
Nov-14,0.5,422.352,298.782,49.608,9.756,10.083,0.111,3.042,0.646,0.302,0.509,1.541,41.164,32.429,5.546,0.006,4.017,3.762,0,0.046,0.8,0.588,0.42,0,0.001,83.745,5.649,2.34,13.277,11.393,35.077,0.008,0.012,8.048,0.637,608.495,376.296,0.687,1398.345
Dec-14,0.937,271.439,311.165,34.012,2.74,0.777,2.916,42.741,0.911,47.871,0.505,1.116,26.737,0.464,4.697,0.056,0.151,0.362,0.055,0.096,0.392,0.94,0.034,0.008,0,132.117,7.979,0.344,0.515,11.973,2.583,0,1.629,8.921,1.064,590.046,342.284,0.654,1435.6
Jan-15,0.11,193.527,259.377,10.251,3.903,34.675,0.14,26.272,0.376,5.469,65.54,0.557,53.599,0.225,7.841,3.235,0.208,19.507,0.002,0.003,0.211,0.625,0.045,0.003,0.001,50.725,5.041,0.014,0.521,3.19,5.075,0.008,2.054,11.181,0.869,598.756,332.662,1.015,1469.919
Feb-15,0.399,174.322,142.826,10.348,2.228,25.554,7.749,34.756,1.654,4.724,13.725,0.712,18.242,0.137,4.179,0.008,0.141,0.148,0,0.001,0.544,47.688,0.047,0.002,0.003,38.825,0.005,0.083,0.229,15.692,0,0.016,0.016,5.463,1.863,471.695,327.415,0.666,1169.599
Mar-15,0.939,223.631,152.563,8.284,3.876,20.9,21.067,61.79,0.092,10.958,0.385,0.507,38.688,36.208,10.713,3.816,2.448,54.669,0,0.029,1.142,3.363,0.007,0,0.003,154.945,0.132,0.052,0.751,5.51,6.378,0.01,0.909,7.956,2.228,585.237,458.215,0.491,1466.247
Apr-15,0.125,192.307,173.291,0.622,2.961,8.039,19.24,96.086,0.252,6.867,0.489,24.503,22.015,49.515,3.634,3.612,4.562,0.269,0,0,0.393,0.893,0.034,0,0,136.641,0.105,0.05,11.032,36.419,0.038,0,0.001,7.511,1.654,662.817,380.124,0.466,1460.166
May-15,0.073,234.093,137.331,0.861,4.89,35.742,8.529,19.075,0.086,7.848,0.33,0.693,11.18,0.386,24.826,0.027,0.179,0.388,0.01,0,0.679,0.548,30.384,0,0,220.963,0.107,0.071,36.842,1.395,1.033,0.008,0,8.801,1.455,477.578,338.409,1.09,1331.029
Jun-15,0.283,201.616,195.048,1.099,4.915,16.732,0.002,45.656,0.51,25.358,0.329,0.763,12.841,4.099,13.571,3.692,33.196,21.588,0,0.002,0.82,0.598,0,0,0,100.195,0.004,0.28,21.917,17.109,14.375,0,0,8.61,1.313,545.728,476.255,0.992,1397.133
Jul-15,0.15,247.706,151.82,0.563,4.236,23.987,12.451,10.243,0.735,16.446,1.831,1.435,49.288,11.526,4.831,0.044,0.151,0.371,0,0.048,0.069,0.529,0.087,0,0,52.762,9.08,1.394,0.515,1.377,0.012,0.008,1.132,8.587,0.641,552.91,377.828,0.446,1224.686
Aug-15,0.813,163.121,199.785,25.17,4.694,9.509,0.01,16.225,0.149,13.457,50.607,7.332,24.392,11.917,5.5,0,9.755,0.258,0,0.069,0.772,0.317,0.03,0,0,61.057,0.035,0.076,0.655,2.896,2.217,0.004,0,8.684,0.159,533.32,415.878,2.876,1367.205
Sep-15,0.179,178.66,96.33,27.548,2.889,16.912,0.006,23.501,0.067,10.853,0.404,1.114,6.911,3.033,2.969,2.571,7.272,28.929,0,0,0.003,0.589,0.019,0,0.005,61.668,0.092,0.02,0.372,2.426,0.084,0.025,0.018,7.525,0.014,601.908,475.973,1.451,1337.692
Oct-15,0.166,204.829,225.495,11.311,2.644,37.465,6.621,52.538,1.336,21.612,0.516,0.975,8.85,36.253,9.88,0,5,12.812,0.004,0.003,0.09,0.558,5.18,0,0,67.315,1.921,0.004,0.453,1.799,10.815,0.014,0,10.279,0.4,639.234,407.364,1.416,1308.406
Nov-15,0.552,80.081,74.797,6.054,4.101,46.18,3.962,62.158,0.259,10.149,1.39,0.489,3.146,0.721,1.522,0.068,0.281,4.698,0.017,0,0.337,0.754,0.002,0,0,165.557,0.02,1.153,0.381,1.609,4.739,0.017,0,5.884,3.167,512.777,357.002,0.652,1352.797
Dec-15,0.601,149.438,126.109,35.682,4.105,63.039,0,43.887,0.401,42.48,0.714,17.116,102.077,1.418,4.362,0.909,3.985,14.665,0,0,0.501,0.688,0.008,0,0,147.422,0.038,0.024,7.627,7.916,0.016,0.008,0,11.39,3.254,635.03,426.16,0.217,1313.604
Jan-16,0.539,132.622,91.86,12.872,19.663,7.891,4.076,36.74,0.394,9.332,0.777,0.983,20.83,7.013,5.093,0.518,0.278,2.594,0.029,0,0.117,0.614,0.151,0,0,130.194,2.127,0.009,0.642,1.984,2.794,0.019,0.002,10.499,2.698,491.605,309.578,0.327,1366.506
Feb-16,0.657,112.348,92.837,8.796,23.036,26.237,8.756,38.737,0.267,12.489,0.725,0.737,8.747,2.695,7.429,1.161,0.16,12.295,0,0.025,0.124,0.347,0.089,0,0.002,127.461,0.106,0.019,0.291,5.078,0.05,0.004,0,7.056,1.766,491.146,291.355,0.444,1221.036
Mar-16,0.629,134.628,65.765,0.809,4.378,50.966,0.731,21.264,0.485,7.483,0.188,10.547,11.363,17.447,8.636,0.576,0.169,19.655,0.088,0.023,0.789,0.772,0.366,0,0,104.656,0.002,0.309,0.559,15.166,4.215,0.007,0,8.031,2.398,609.772,421.94,0.195,1366.168
Apr-16,0.081,122.801,81.078,1.223,34.844,38.516,4.317,16.086,0.584,40.412,0.575,40.809,18.028,19.526,24.315,0.011,0.233,37.272,0.066,0.001,0.87,0.535,0.075,0,0.005,124.016,0.071,0.012,0.611,0.981,0,5.485,0.034,8.063,0.288,530.267,307.825,0.629,1314.802
May-16,0.093,148.597,85.537,6.703,6.075,21.899,4.529,11.287,0.168,7.668,0.748,20.603,54.453,28.188,41.735,0.002,0.304,31.942,0.024,0.012,0.098,0.426,0.119,0,0.003,39.541,0.032,0.055,0.431,6.998,3.895,2.125,0.003,6.883,0.796,529.277,334.916,0.47,1256.036
Jun-16,0.091,142.646,60.582,13.175,2.649,21.306,0.019,5.457,0.279,10.364,0.363,0.759,38.096,19.707,4.878,0.029,0.412,0.322,0.037,0,0.376,0.82,0,0,0,70.931,8.978,0.056,0.489,11.715,0.025,0.008,0.599,10.668,2.028,573.534,417.17,0.755,1282.939
Jul-16,0.034,79.94,145.798,1.005,3.233,19.999,0.016,13.534,0.041,4.694,0.401,0.69,12.229,0.353,2.921,0,0.217,0.288,0.134,0,24.258,0.81,0.484,0,0,61.688,3.613,0.052,10.982,7.193,0.019,0,0.518,8.412,0.216,541.81,281.57,0.693,1385.114
Aug-16,0.153,110.216,94.414,1.074,2.914,18.357,1.984,16.936,0.206,8.67,0.44,1.241,33.956,7.366,3.728,4.042,0.208,14.605,0.003,0.015,0.679,0.787,0.247,0,0,78.698,0.002,0.198,6.887,14.607,0,0.004,0.01,14.247,0.166,523.145,354.584,0.846,1442.477
Sep-16,0.046,135.238,118.036,1.056,18.629,56.716,6.317,19.179,0.432,10.848,0.399,11.687,7.344,0.642,1.465,0.004,4.666,12.111,0.003,0.001,0.598,0.388,0.896,0,0,16.102,7.192,0.034,0.301,0.046,0.027,0.01,0.991,17.161,0.001,550.416,610.398,0.609,1279.923
Oct-16,0.071,78.326,77.827,6.995,6.515,24.698,6.572,25.118,0.231,7.171,0.732,24.154,7.344,1.09,6.886,0,1.839,15.714,0.004,0,0.737,0.835,0.353,0,0.005,94.628,0.102,0.024,8.68,6.347,0.057,0.012,0.045,13.832,0,577.846,336.246,0.4,1323.94
Nov-16,0.06,119.442,44.67,48.569,2.118,24.962,1.216,27.326,0.246,42.258,0.609,0.909,74.578,3.426,3.356,0,0.198,9.87,0.003,0.044,0.979,0.669,0.078,0,0,38.199,0.06,0.432,0.321,0.35,0.011,0.009,0.014,30.507,0.127,512.076,330.234,0.272,1348.474
Dec-16,0.183,22.317,181.216,0.851,2.459,28.545,7.011,33.667,24.038,38.828,32.68,9.235,22.123,0.815,3.756,0.001,0.136,0.149,0,0,0.254,0.389,1.458,0,0,80.096,0.117,0.558,0.974,0.256,3.456,0.079,0.001,22.413,0,554.856,335.416,0.626,1351.789
Jan-17,0.05,20.869,174.61,25.125,3.349,29.13,20.325,26.724,0.448,2.523,35.288,0.918,67.802,6.495,5.285,0.007,0.217,29.491,0,0.006,0.842,0.311,1.031,0,0.003,5.767,0.045,0.025,9.581,0.142,0.017,0.003,0.016,20.417,0,518.763,303.297,0.421,1272.8
Feb-17,0.093,45.291,72.23,0.864,2.709,39.716,0.006,16.548,0.255,0.926,3.036,0.689,12.323,37.397,3.098,0.013,0.278,21.871,0.032,0.025,0.582,0.459,0.058,0,0,63.228,0.247,0.593,5.252,0.411,0.039,0.01,0.022,18.056,0,516.31,294.004,1.053,1179.837
Mar-17,0.1,182.077,172.892,8.287,19.65,38.394,12.218,17.168,1.178,33.275,2.733,2.585,21.783,1.027,7.823,0.009,0.424,57.798,0,0.017,0.712,0.581,0.06,0,0,88.924,0.022,0.619,57.445,23.095,0.011,0.011,0.009,17.724,0,622.902,337.9,5.559,1305.767
Apr-17,0.064,66.254,67.136,0.874,9.438,11.257,16.909,16.385,27.533,0.67,3.218,0.887,23.347,1.325,7.607,0,2.483,24.709,0.012,0,0.006,0.423,0.065,0,0.003,85.789,0.251,2.883,0.576,3.215,1.887,0.006,0.031,16.158,0.023,521.711,323.691,0.51,1184.795
May-17,0.118,61.216,91.777,0.97,5.233,14.94,16.908,35.873,0.249,28.804,6.872,1.215,34.154,47.665,11.737,0.018,4.407,0.398,0,0.002,23.449,0.83,0.045,0,0,62.735,0.027,0.016,0.633,8.556,0.025,0.021,0.008,11.484,0,553.823,359.989,0.608,1594.975
Jun-17,0.035,57.011,75.843,8.792,11.017,34.77,0.406,23.734,2.853,0.704,3.758,2.175,82.327,24.923,4.804,0.003,0.305,18.969,0,0.004,0.444,0.505,0.651,0,0,30.747,0.022,0.028,0.484,11.409,0.015,0.007,0,12.121,0.066,623.267,422.704,0.705,1100.185
Jul-17,0.157,80.474,42.567,1.134,2.083,16.159,6.021,10.096,0.406,0.34,5.71,2.255,62.84,9.06,6.986,0.018,0.274,42.512,0,0.023,0.593,1.077,0.676,0,0.067,23.283,0.126,0.057,0.491,10.392,0.017,6.561,0.013,14.488,0,600.583,392.115,0.659,1199.882
Aug-17,0.102,165.009,67.663,1.05,2.402,9.472,0.018,20.223,0.615,2.85,2.26,1.288,112.197,36.827,1.069,0.009,5.929,0.398,0.009,25.213,0.65,0.478,0.688,0.017,0.017,31.953,0.059,0.983,0.418,0.318,0.006,0.004,0,12.79,0,643.523,416.018,0.584,1261.636
Sep-17,0.161,63.108,153.381,7.968,3.106,9.731,0.303,7.626,0.517,0.525,1.745,1.387,40.688,30.069,1.321,0.012,0.245,0.245,0.009,0.169,1.069,0.679,0.15,0,0,11.843,0.031,0.057,0.405,0.138,0.016,0.047,0.004,14.52,0,564.23,357.257,0.347,1219.639
Oct-17,0.07,34.696,242.396,2.964,2.683,15.803,0.011,2.435,1.688,27.227,3.708,0.776,13.307,18.385,15.338,0.006,0.149,0.489,0.033,0.031,0.099,0.389,0.785,0,0,17.126,0.065,0.021,0.354,13.96,0.006,0.036,0,22.848,0,552.32,377.752,1.145,1297.7
Nov-17,0.043,55.779,76.767,1.314,9.856,10.747,0.044,2.174,0.864,56.568,5.057,0.41,103.166,9.365,1.334,0.048,0.094,29.42,0.011,0.533,2.31,1.519,0.051,0,0,69.98,0.037,0.023,0.611,0.289,0.027,0.012,0,29.217,0,559.223,371.385,0.743,1502.56
Dec-17,0.051,39.65,78.214,1.25,8.687,16.441,0.06,1.805,0.646,1.153,4.014,1.507,184.677,2.756,1.077,0.004,6.063,32.168,0,1.258,0.108,0.007,2.944,0,0,148.588,0.022,2.284,0.557,0.147,0.034,0.005,0.06,45.136,0.01,553.526,320.313,1.008,1389.24
Jan-18,0.037,25.247,62.963,65.255,20.269,10.454,12.637,2.627,15.942,54.642,0.601,0.737,72.655,1.569,2.053,0.001,0.271,0.202,0,0.744,0.599,0.068,1.177,0,0,38.642,0.034,2.24,9.401,0.139,1.921,0,0,34.232,0,590.261,304.939,0.423,1449.8
Feb-18,0.052,57.659,90.138,1.023,1.837,34.827,7.443,1.137,0.41,0.295,1.716,1.707,73.931,0.644,2.178,0.015,2.081,32.443,0,1.051,0.088,0.016,0.081,0,0,26.704,0.094,2.963,4.419,0.426,0,0.001,0.008,26.514,0,541.33,289.926,0.493,1253.633
Mar-18,0.125,79.603,94.257,1.144,4.396,61.867,0.012,1.969,0.327,56.88,0.74,0.881,9.01,17.848,4.129,0.062,6.165,0.336,0.027,1.625,0.561,0.387,0.395,0,0.002,122.451,0.026,0.016,1.11,3.206,0.066,0.08,0.704,26.6,0,672.783,381.213,0.707,1524.078
Apr-18,0.15,39.588,76.275,0.961,15.598,43.111,0.039,2.255,0.417,0.375,0.523,0.616,65.988,21.029,2.976,0.004,0.22,17.266,0.016,2.091,1.25,0.084,0.078,0,0,192.918,0.413,8.411,12.154,0.077,0.017,0.02,6.23,25.026,0,634.668,370.111,0.505,1373.541
May-18,0.067,130.115,53.055,1.174,38.48,19.914,0.017,3.108,0.363,17.31,0.647,0.739,10.789,0.917,14.727,0.024,0.238,54.096,0.02,1.77,0.224,0.023,1.904,0,0,27.164,0.005,0.008,19.603,0.077,0.016,3.982,0.042,25.677,0,673.145,344.711,0.365,1629.205
Jun-18,0.079,52.837,100.031,25.1,2.946,4.911,0.146,3.677,50.137,0.749,0.414,0.891,41.3,57.913,2.384,0.007,0.076,0.448,10.546,1.721,0.428,0.017,0.051,0,0,8.481,0.006,0.015,0.569,0.029,0.021,0.001,0,36.478,0,680.183,359.029,0.759,1191.859
Jul-18,0.076,139.454,18.405,0.847,3.969,0.61,0.036,2.213,0.284,3.362,0.579,2.328,20.63,10.721,3.031,0.005,0.134,28.946,0.023,2.218,0.751,7.468,17.919,0.002,0,157.909,0.036,0.012,0.334,0.028,0.015,0.004,0,27.231,0,820.293,378.526,0.754,1484.154
Aug-18,0.033,22.528,33.235,1.265,3.295,0.262,0.005,3.055,0.324,0.428,0.495,0.723,14.84,0.265,4.06,0.04,0.255,30.637,0.009,0.309,0.229,0.043,3.893,0,0.011,104.402,0.114,0.044,0.384,0.021,0.004,0.014,0,21.973,0,781.105,411.711,0.573,1695.555
Sep-18,0.037,119.443,34.748,0.569,2.161,0.524,10.354,1.526,0.455,0.222,27.907,0.991,9.527,0.757,4.38,0.03,0.438,0.213,0,1.532,0.163,0.042,0.213,0,0,17.629,0.112,0.038,0.466,0.219,0.012,0.008,0.001,25.569,0,723.749,344.857,0.365,1311.16
Oct-18,0.228,22.032,35.07,28.394,5.094,0.756,0.024,2.345,0.299,0.834,49.169,0.73,129.451,0.358,4.507,0.006,0.072,27.393,0,0.068,0.88,0.285,0.087,0.001,0.057,34.652,7.073,0.041,0.534,0.087,0,0.025,0,54.362,0,738.642,440.406,0.259,1428.744
Nov-18,0.103,68.661,27.02,1.072,4.024,0.608,0.003,2.787,0.238,0.55,0.58,1.098,6.943,0.279,2.474,0.006,0.191,40.106,0.008,0.156,1.195,0.077,0.055,0,0,14.794,0,0.059,0.425,0.226,0.018,0.006,0.002,40.222,0,644.245,364.91,0.282,1316.048
Dec-18,0.03,29.386,13.927,0.526,1.48,0.397,0.002,2.585,0.473,0.472,0.553,0.812,60.232,1.502,6.575,0.043,0.506,0.222,0.007,0.082,0.071,0.004,0.168,0,0,15.898,7.475,1.044,0.423,3.173,0.018,0,0.878,35.728,0,795.377,355.329,0.369,1387.997
Jan-19,0.058,47.179,6.709,1.43,3.449,0.492,0.001,3.091,0.398,0.732,0.591,0.647,53.325,0.251,6.118,0,0.111,0.246,0,1.024,1.243,0.294,0.849,0.003,0,6.179,0.067,0.041,0.589,2.979,0.002,0.007,0,24.738,0,730.184,334.078,0.502,1367.151
Feb-19,0.091,34.663,12.779,0.597,3.283,0.232,0,1.478,42.151,0.7,0.404,0.55,5.374,0.129,1.709,0.003,0.268,0.317,0,0.418,1.112,0.02,0.053,0,0,1.686,0.018,0.009,18.02,0.057,0.027,0.017,0,13.218,0,564.031,327.837,0.5,1034.839
Mar-19,0.244,5.738,11.257,1.05,1.817,0.551,7.469,2.518,0.451,11.106,1.068,0.726,11.338,0.445,3.276,0.006,0.133,0.386,0.019,1.094,0.759,0.381,0.162,0,0.001,23.834,0.062,0.045,0.437,0.052,0.032,0.016,0,17.639,0,731.977,461.222,0.144,1267.323
Apr-19,0.034,65.343,37.013,1.024,1.339,0.21,0.007,3.314,0.346,0.426,0.419,0.341,7.042,1.002,5.548,0.001,0.129,9.798,0.019,1.263,0.119,0.202,0.069,0,0.001,63.674,0.046,0.013,0.722,3.497,0.024,0.011,0,20.174,0,626.946,498.436,0.497,1184.527
May-19,0.173,45.766,44.679,13.995,1.851,27.353,7.912,3.811,0.446,0.583,2.096,1.167,7.085,0.07,29.712,0.003,0.394,0.254,0.01,1.734,0.419,0.143,0.07,0,0,2.852,0.028,0.005,0.538,0.031,0.005,32.063,0,16.347,0,729.886,393.827,1.432,1119.771
Jun-19,0.034,35.95,25.487,0.673,2.479,14.271,0,2.385,0.306,0.574,21.363,0.551,6.561,0.082,53.653,0.027,0.09,0.114,0,1.366,0.606,17.444,0.166,0.003,0,3.953,0.134,0.01,0.414,0.038,0,0.043,0,19.672,0,625.471,472.762,0.648,1107.752
Jul-19,0.163,92.347,22.466,0.826,21.491,12.449,0.029,3.338,0.265,0.334,2.795,0.644,6.801,0.77,28.462,0.003,19.95,0.34,0.01,1.941,0.653,0.005,0.091,0.001,0.002,8.242,0.106,0.015,0.486,0.031,0.03,0,0,12.519,0,747.248,424.289,3.304,1212.596
Aug-19,0.155,63.727,45.534,0.911,27.914,27.685,0.05,2.439,0.358,0.437,0.3,0.229,7.726,0.28,2.856,0.088,0.23,0.329,0,2.188,0.635,0.334,0.127,0,0.007,8.051,0,1.15,14.942,0.106,0.002,0.013,0,12.626,0,702.996,385.599,6.063,1246.208
Sep-19,0.152,102.427,46.16,6.833,10.603,0.728,0.033,3.517,0.326,0.415,2.948,0.218,4.639,1.504,2.834,0.006,0.116,4.64,0.029,0.974,7.479,0.008,0.088,0,0.005,8.198,0.073,0.051,0.482,0.091,0.013,0.005,0,12.698,0,613.228,454.462,7.515,1215.729
Oct-19,0.135,89.016,31.977,1.022,1.165,8.104,0.002,3.025,0.441,0.436,0.469,1.043,31.128,10.002,4.014,0.007,0.076,0.253,0.012,1.258,0.626,0.134,0.049,0.002,0,7.951,0.005,0.033,0.33,3.777,0.03,0.008,0,14.416,0,618.189,431.384,0.833,1261.352
Nov-19,0.174,71.993,35.615,0.985,13.508,0.343,0.027,2.656,0.393,0.434,1.914,0.467,3.876,0.881,2.516,0.013,0.256,28.453,0.007,1.558,0.587,0.092,0.023,0.001,0,4.794,7.001,2.102,0.434,0.046,0.004,0.017,0.001,9.06,0,743.499,398.09,0.193,1304.974
Dec-19,0.057,51.07,66.505,12.068,1.493,25.037,7.362,2.341,0.385,0.358,0.481,0.602,6.437,0.748,1.542,0.017,0.426,0.224,0,0.93,0.657,0.144,0.05,0,0,18.812,3.549,0.015,0.227,3.505,2.205,0.004,0,17.957,0,783.48,464.348,0.355,1169.738
Jan-20,0.112,67.564,32.457,0.424,6.533,6.016,0.032,2.516,0.568,0.385,0.89,0.662,22.276,2.948,35.323,0.004,0.014,0.184,0.072,0.343,0.433,0.007,0.053,0.001,0,4.708,0.013,0.021,0.252,0.041,0.015,0.015,0,11.111,0.061,681.361,278.69,0.313,1414.401
